Country_Name,Country_Code,Indicator_Name,Indicator_Code,Year_2003,Year_2004,Year_2005,Year_2006,Year_2007,Year_2008,Year_2009,Year_2010,Year_2011,Year_2012,Year_2013,Year_2014,Year_2015,Year_2016,Year_2017,Year_2018,Year_2019,Year_2020,Year_2021
Country Name,Country Code,Indicator Name,Indicator Code,2003,2004,2005,2006,2007,2008,2009,2010,2011,2012,2013,2014,2015,2016,2017,2018,2019,2020,2021
Kosovo,XKX,GDP growth (annual %),NY.GDP.MKTP.KD.ZG,,,,,,,5.03485413839893,4.93995095961395,6.31981022896761,1.71219595890548,5.34079911900278,3.34880478431623,5.91623128345211,5.57177504731632,4.82565565298054,3.40663227056285,4.75680057007834,-5.34027547826166,10.7456560819583
Sint Maarten (Dutch part),SXM,GDP growth (annual %),NY.GDP.MKTP.KD.ZG,,,,,,,,3.19999269219366,4.60000341415395,1.39054456773131,1.30673103459678,1.58038221539113,0.105813149997005,0.96775836306881,-7.53521399882428,-6.85698299227944,10.9650009352392,-13.3167887221567,4.57759677933345
Channel Islands,CHI,GDP growth (annual %),NY.GDP.MKTP.KD.ZG,,,,,,,,,,,,,,,2.57442418152031,2.06644673893601,2.3607446539344,-8.46759731706375,15.455211303251
St. Martin (French part),MAF,GDP growth (annual %),NY.GDP.MKTP.KD.ZG,,,,,,,,,,,,,1,5,-8.00000324038295,-7.99999506898229,6.50000363700821,-12.500002246731,4.89999967133534
Faroe Islands,FRO,GDP growth (annual %),NY.GDP.MKTP.KD.ZG,,,,,,,-4.30300216202099,-0.576939114349187,3.70819417120374,7.01665379949266,5.85305191414515,5.43270135720174,0.976378534447207,1.46991580449082,3.51430597113571,2.73155215546514,4.39010333975558,-1.92683441672665,5.75555052732079
Djibouti,DJI,GDP growth (annual %),NY.GDP.MKTP.KD.ZG,,,,,,,,,,,,7.06154324233921,7.52610891881017,7.1234323372872,5.458091517212,4.7744168883374,5.5451305999467,1.31636324158444,4.52234774643702
South Sudan,SSD,GDP growth (annual %),NY.GDP.MKTP.KD.ZG,,,,,,,5.04164187983342,5.49341639529945,-4.64031673600859,-46.0821223743007,13.1297311406943,3.37364847715736,-10.7933646271143,,,,,,
New Caledonia,NCL,GDP growth (annual %),NY.GDP.MKTP.KD.ZG,,,,,,,,,,,,,,,,3.99570728203879,-1.40000000198451,-2.40000000064407,-2.09999999762849
Turks and Caicos Islands,TCA,GDP growth (annual %),NY.GDP.MKTP.KD.ZG,,,,,,,,,,-0.97229935533214,1.07087701348118,8.71129658152685,11.3148341336331,7.25118054973062,-2.5,5.61059358355325,5.31092524837172,-26.782932872099,9.02549747146406
Germany,DEU,GDP growth (annual %),NY.GDP.MKTP.KD.ZG,-0.700116686114356,1.17508813160987,0.731707163554191,3.816441912988,2.97645513131597,0.95987913356484,-5.69383633640285,4.17988249873657,3.92519270463411,0.418497594217598,0.437591303144671,2.20954343134872,1.49193152760772,2.22999986782015,2.68023111405891,0.981232606004738,1.07547163576423,-3.82676871619293,3.16381994194575
Lao PDR,LAO,GDP growth (annual %),NY.GDP.MKTP.KD.ZG,6.06700230344272,6.35769548008234,7.10756836811267,8.61926620832807,7.59682880054878,7.82490276337012,7.50177491225853,8.52690551739717,8.03865268023725,8.02609843461283,8.02630022699017,7.61196343979319,7.27006584373785,7.02283625501138,6.8925308726989,6.24796000755872,5.4577350924848,0.503031829018681,2.52835100486102
France,FRA,GDP growth (annual %),NY.GDP.MKTP.KD.ZG,0.823160756684118,2.82975292869891,1.66321998030079,2.44932360111885,2.42473624337305,0.254945960124033,-2.87331382849632,1.94943762312663,2.19270063266654,0.313134751077172,0.576326674771792,0.956183052371557,1.1129123405747,1.09546440372048,2.29141999417021,1.86506607081999,1.84297181445896,-7.54045916249407,6.43520962104938
Belgium,BEL,GDP growth (annual %),NY.GDP.MKTP.KD.ZG,1.03798254902905,3.5712043433582,2.32173705381926,2.55234994366351,3.67688113594973,0.446928735275904,-2.02074306169408,2.86429270764155,1.69451389861332,0.739217283058679,0.459242192907709,1.57853314322614,2.04145900919961,1.26668640902095,1.6195802783878,1.79294519302076,2.24083533103139,-5.30447336526071,6.92798360287613
St. Vincent and the Grenadines,VCT,GDP growth (annual %),NY.GDP.MKTP.KD.ZG,6.69133665352797,4.11469880444737,2.48855733938132,6.99692626758825,3.3229685982929,0.404640808638888,-1.3781936056056,-4.47046793507802,-0.60627665148327,1.16911218376478,2.4624841721544,1.25025436927181,2.78316119435202,4.14593168183934,1.44883063367161,3.1756114423991,0.661727443679865,-3.73914599187015,0.75379707990075
Sweden,SWE,GDP growth (annual %),NY.GDP.MKTP.KD.ZG,2.30981059032811,4.33685615384474,2.85880323990261,4.66277355175126,3.43922177600065,-0.450559256743361,-4.33979057452935,5.95210700755608,3.1953332348894,-0.588304568990736,1.187775715906,2.65779827531642,4.48928158790491,2.07059315052096,2.56792452526476,1.95002284569983,1.98619587380391,-2.17021317885872,6.14702464708019
Canada,CAN,GDP growth (annual %),NY.GDP.MKTP.KD.ZG,1.80638513484521,3.09236383456562,3.21045435651203,2.6379438004107,2.04990461109004,0.995406309993598,-2.91508623949733,3.09080637403602,3.13719438973661,1.75566132540601,2.32581357393478,2.87346677184995,0.649970993709132,1.03855093491798,3.03383490260789,2.74296343112555,1.9084319253883,-5.03823344128351,5.28695689105889
Guinea-Bissau,GNB,GDP growth (annual %),NY.GDP.MKTP.KD.ZG,-0.285931046863254,1.17189152783422,6.55977110317356,2.66650493227063,2.55982647882718,4.52457514440721,2.44795106862898,5.60536310250697,8.08504167719053,-1.71286958276356,3.25607191163699,0.964525747030635,6.13408935472681,5.30659633085426,4.78899162146706,3.76145359456295,4.50009293739862,1.50000000000006,6.39995262427662
French Polynesia,PYF,GDP growth (annual %),NY.GDP.MKTP.KD.ZG,2.1269288487261,0.971259129987544,0.309973476180005,0.889584117597607,1.70497563803002,0.00676755066312751,-4.23139183069446,-2.4660641898174,-2.96195745427229,-0.927537712532072,0.398801414346934,0.593554452942286,1.66510563013841,2.3696444471055,4.37450238290198,1.83202822787646,2.69993449863051,-7.05099065433484,2.09478896837454
Cayman Islands,CYM,GDP growth (annual %),NY.GDP.MKTP.KD.ZG,,,,,3.16262533840754,-0.357401372925935,-7.20048278238133,-2.71563682344265,1.16906269526342,1.22975368307725,1.2793305928175,2.65452932151371,2.83312242670048,3.23997361448569,3.18404730726789,4.26726567162505,3.91563637725301,-4.95480732200573,4.90492954210123
Morocco,MAR,GDP growth (annual %),NY.GDP.MKTP.KD.ZG,6.17110214953244,4.57138016516208,3.19224973015831,7.7908200104027,3.44106776690418,5.68453936284732,3.74576940136258,3.49955709403216,5.52464523319847,3.06234368502997,4.12221286860944,2.7192440802029,4.34458297635238,0.52118550608968,5.05789816173446,3.06564133025955,2.89097476137077,-7.17820744246774,8.02098437000988
Finland,FIN,GDP growth (annual %),NY.GDP.MKTP.KD.ZG,2.00378420285061,3.99209129032087,2.77985055556123,4.02740965802573,5.29933650739021,0.783995060876521,-8.0744474323113,3.18595865407703,2.54766483842627,-1.39754572817782,-0.901696316194844,-0.364908156882066,0.543659211765487,2.81145776663433,3.19240962968416,1.1397180134305,1.22474892206223,-2.35496515679442,2.83817960418034
Greenland,GRL,GDP growth (annual %),NY.GDP.MKTP.KD.ZG,4.43004572118211,6.90658283676629,4.98749177090193,5.55569490080012,2.3524379811805,6.1661327018619,0.865952328886948,1.73582505889665,-0.496519391959083,1.39419335955625,-1.29828069335511,4.7421356730152,-2.52931802394475,4.68195410972302,0.0527281828800312,0.62306542854094,2.83217756798683,0.187608793759281,1.29021048770599
European Union,EUU,GDP growth (annual %),NY.GDP.MKTP.KD.ZG,0.908252360866641,2.59250680958249,1.92474300907963,3.49444551574788,3.15612152498106,0.641259951664836,-4.34869986052647,2.22511838510061,1.9009568406489,-0.701866418422895,-0.082642393429694,1.60065250159793,2.30937774489288,1.97230777572166,2.84476536928575,2.06690196954229,1.80531197138112,-5.65285689951504,6.00872929242561
Eswatini,SWZ,GDP growth (annual %),NY.GDP.MKTP.KD.ZG,3.88021358597126,3.62391422596625,5.99877654987925,5.9921668378351,4.43537557686975,0.821663913800052,1.56504885243515,3.79375496828149,2.247229761068,5.39663069666727,3.86121379766622,0.923230547144357,2.22748067532406,1.06261019342853,2.0265781557498,2.38009549534866,2.69216827271678,-1.55964258999499,10.6836938787079
Jamaica,JAM,GDP growth (annual %),NY.GDP.MKTP.KD.ZG,3.66631759279021,1.32372509977827,0.893797935945003,2.89912534958872,1.43195403665118,-0.811736703280815,-4.3453018579464,-1.45714720947502,1.73037626746921,-0.613636039869121,0.5176860128024,0.689822357374339,0.92148712538031,1.37522306445538,0.997123062335191,1.88992368121086,0.892291653822227,-9.92032245054413,4.60142450033383
High income,HIC,GDP growth (annual %),NY.GDP.MKTP.KD.ZG,2.3052217806046,3.51338885161896,2.9745387366886,3.22028728970081,2.85667247349559,0.675885063107501,-3.37852833748032,3.0483401750343,2.01785170589382,1.47288810559398,1.59795707356696,2.14176816474907,2.32552627513027,1.8330409085689,2.47631841025758,2.36999444408524,1.84582706522258,-3.91466926056485,5.58436815582274
Caribbean small states,CSS,GDP growth (annual %),NY.GDP.MKTP.KD.ZG,1.84936679665981,2.82340921442344,3.28061978937919,4.45625279922749,3.30016125951357,0.54217939444186,-2.59982014513834,0.991500471284184,1.71684568192545,2.32803241515643,0.0738276299494487,1.76382445945195,0.697970065643204,0.471963597496924,1.94326028621741,2.89116347683975,1.02465322343599,-9.19346279301007,10.4440323505071
Middle income,MIC,GDP growth (annual %),NY.GDP.MKTP.KD.ZG,5.88468877373427,7.69091134345234,7.33050915841041,8.25324132040579,8.88196201680758,5.91964385033339,3.97185492021785,8.18128187806609,6.49464778589891,5.64053416588229,5.64324830563687,5.17096472145879,4.82622585789552,4.80523435213244,5.3758266172181,5.01414838235704,4.08317549770597,-1.21272096176956,7.5062161584262
Paraguay,PRY,GDP growth (annual %),NY.GDP.MKTP.KD.ZG,4.32074548551591,4.05741836363771,2.13349066459601,4.80711719268376,5.42162287218235,6.4962921197091,-0.261137328080281,11.0952312685521,4.28637120702282,-0.708043112316886,8.29307648940471,5.30123859237025,2.95715173487106,4.26802583314583,4.81007885554041,3.20425034076639,-0.40185510068001,-0.819785390971916,4.01673731780312
Papua New Guinea,PNG,GDP growth (annual %),NY.GDP.MKTP.KD.ZG,2.16410250222083,2.72117574098235,6.34479592309654,5.40994409107307,7.81518922862388,-0.296457845880582,6.80042148322096,10.1284540720232,1.10754362619616,4.65711959686239,3.82494632800675,13.5437706216546,6.57835632304275,5.48957315278187,3.53461081750459,-0.279252284959952,4.48043062171888,-3.16738117629639,-0.780328729320829
Jordan,JOR,GDP growth (annual %),NY.GDP.MKTP.KD.ZG,4.16166755544407,8.56721424236899,8.14659481079931,8.09297527811933,8.17616995204646,7.22038637280139,5.02371007272669,2.31483422063046,2.73717988632104,2.42935800100238,2.60994737548631,3.38407809933472,2.49652879315188,1.9941808493012,2.47359815449045,1.91907263610851,1.75123905880616,-1.10275188309046,3.65564191030398
Post-demographic dividend,PST,GDP growth (annual %),NY.GDP.MKTP.KD.ZG,2.01777847415676,3.20853712266349,2.76718696570073,2.92055464654892,2.54180824777306,0.355737384773008,-3.39144617788398,2.9099823142471,1.66655739286985,1.25636690748527,1.5091144019128,2.01147187513966,2.2243851593875,1.79792653657221,2.46508650194241,2.25056575504183,1.76860550874882,-4.12374881367235,5.4462382045962
"Iran, Islamic Rep.",IRN,GDP growth (annual %),NY.GDP.MKTP.KD.ZG,8.6392983956527,4.33666598322418,3.18980408131023,4.99979526935969,8.15577351843464,0.250856552511053,1.00738546285622,5.79793829590261,2.64571792008958,-3.7471713986414,-1.52197920494163,4.98477506709494,-1.42488493937491,8.8150866425182,2.75850524578875,-1.83800757093036,-3.0705879849703,3.33028845926594,4.71977773157164
Colombia,COL,GDP growth (annual %),NY.GDP.MKTP.KD.ZG,3.91827190322513,5.33302206759905,4.82876110773741,6.71686869844402,6.73819469090975,3.28344618616541,1.13964864548062,4.49465897070922,6.94789198173555,3.91263576716115,5.13399351995672,4.49903000110972,2.95590137527523,2.08738250162794,1.35936086788746,2.56432428277704,3.18685539245533,-7.18591413760859,10.8011981904878
OECD members,OED,GDP growth (annual %),NY.GDP.MKTP.KD.ZG,2.03309634392063,3.26547859972703,2.81991215354095,3.02633444904123,2.59522803757896,0.385099491948012,-3.39724935039993,2.96898779587002,1.87873400934457,1.39311591105211,1.6090797804849,2.17654278009316,2.50207436198141,1.85135632605747,2.58610547344895,2.34382863954505,1.7994373215387,-3.95334855901352,5.71465206139672
Euro area,EMU,GDP growth (annual %),NY.GDP.MKTP.KD.ZG,0.702667309213894,2.30189887500849,1.69294371640338,3.23919602311211,3.01115480447594,0.424721952480184,-4.53414800844486,2.16469039989342,1.71459720583233,-0.850659262329472,-0.219171747257874,1.39827851322592,2.05440886774878,1.86578632128172,2.62860957024193,1.78893526039165,1.5904260702233,-6.11006917047806,5.96333641598549
United Kingdom,GBR,GDP growth (annual %),NY.GDP.MKTP.KD.ZG,3.14657252830963,2.42649654912002,2.73884240379734,2.38627536792974,2.62033122218656,-0.225726974764584,-4.61495740242552,2.23868863381415,1.14510154098662,1.51293674929991,1.79232221590813,3.19578246561922,2.2202583222271,1.9210634135702,2.65506966811928,1.40379208588568,1.64161099628876,-10.3599008187799,8.67490411442573
Japan,JPN,GDP growth (annual %),NY.GDP.MKTP.KD.ZG,1.53512549928013,2.1861156944216,1.80390087227372,1.37235012762038,1.48396941163492,-1.22428900072828,-5.69323635882266,4.09791791930137,0.0238095237748297,1.37475099920874,2.0051001767726,0.296205514142628,1.56062669674904,0.753826745903538,1.67533175166503,0.643391023460339,-0.402169200910933,-4.14711889947692,2.55932023865617
Bolivia,BOL,GDP growth (annual %),NY.GDP.MKTP.KD.ZG,2.71133983700673,4.17329558916248,4.42143312687979,4.79700882356067,4.56438426887887,6.14849787462164,3.35699957430565,4.1267225910567,5.204092443086,5.12227558091757,6.79601142810841,5.46056950635136,4.85718717971413,4.26392086382113,4.19520633360395,4.22362365271844,2.21670563961031,-8.7378843576993,6.11137269714146
Bahrain,BHR,GDP growth (annual %),NY.GDP.MKTP.KD.ZG,6.29644197869368,6.98096059429825,6.76899787107483,6.46700012199585,8.29396044759683,6.24501077496258,2.53988593585052,4.33429917283131,1.98351501159991,3.72810843046017,5.41683981012071,4.35039085252969,2.86304730414378,3.47351657476945,3.8117061903064,2.28945960664879,2.1669646688237,-4.64463735878491,2.59040783827855
Arab World,ARB,GDP growth (annual %),NY.GDP.MKTP.KD.ZG,4.87100449978031,8.87288080186666,5.46655918441073,6.16578265802067,4.49499372665991,5.55075507405265,0.409202168817103,4.81457026982723,3.57287691238142,5.0035800868469,2.52000765718397,2.38370544220714,3.38756030711494,3.60944655086158,1.51128390704507,2.62315703654876,1.67111088873453,-5.40097921653559,5.11664702876513
United States,USA,GDP growth (annual %),NY.GDP.MKTP.KD.ZG,2.795605965883,3.84777169205226,3.483549937943,2.78453963938148,2.00385829825838,0.113587248258867,-2.57650023426996,2.6951925838264,1.56440685438301,2.28911338767897,2.11783009919846,2.52381981441982,2.94555045455233,1.81945147474293,2.45762230356996,2.96650507100425,2.46703756313913,-2.21346933290643,5.8002061284573
Upper middle income,UMC,GDP growth (annual %),NY.GDP.MKTP.KD.ZG,5.86969606860181,7.85657999129201,7.4998160641121,8.60066797553938,9.40870713382978,6.26537334501975,3.46942675321242,8.52498721494061,6.94137661151963,5.76110322862426,5.63544893389,4.93537340072191,4.54601307323637,4.57774212825505,5.35474335314659,4.90396891584386,4.09017583927643,-0.594393798185607,7.72230187446708
Ireland,IRL,GDP growth (annual %),NY.GDP.MKTP.KD.ZG,3.01383869171366,6.78813997127008,5.73978167213708,4.98785381227775,5.31011822051231,-4.48407064569804,-5.0957831845721,1.68297202204354,1.28075209135081,-0.129692110994981,1.17461437395743,8.828998727303,24.4752533362377,1.76555687937534,9.31125930624903,8.47029545192876,5.2977280259237,6.61719466830968,15.1252197949572
Ukraine,UKR,GDP growth (annual %),NY.GDP.MKTP.KD.ZG,9.51660986436364,11.7953525281136,3.07123039245209,7.57142076322967,8.21584445165715,2.24349159628288,-15.1364679101502,4.09200436668087,5.44528081048476,0.152314967200653,0.045439094492707,-10.0788949840953,-9.7729872128676,2.44098194492067,2.35997228099491,3.48836234022659,3.19950386354134,-3.75280409994949,3.4456255827111
Uganda,UGA,GDP growth (annual %),NY.GDP.MKTP.KD.ZG,6.47325867166543,6.80723334361883,6.33256511623156,10.7847443857453,8.41242596551071,8.70875190154499,6.80151734860395,5.63761163749757,9.3916554927176,3.83745560605229,3.58690582623025,5.10630732539796,5.18785986002466,4.78100029254482,3.13140551723596,6.30392378262997,6.43874503276439,2.95130642218098,3.53658034070898
Costa Rica,CRI,GDP growth (annual %),NY.GDP.MKTP.KD.ZG,4.31717986447036,4.42459959836211,3.97666636845196,7.32669543218398,8.21513198440249,4.73817487709474,-0.87345594081205,5.36034347694341,4.40315923935717,4.88259241031079,2.49476611386375,3.54210987593986,3.65208096806472,4.20432325432709,4.15769896239459,2.61590440285156,2.41751181706449,-4.27335432054194,7.9357622471191
Moldova,MDA,GDP growth (annual %),NY.GDP.MKTP.KD.ZG,6.59999995777716,7.39999973358189,7.5000001493726,4.79999983670831,3.00000022585525,7.80000014541523,-6.00000026352828,7.10000010705836,5.81816614684824,-0.589733954762579,9.0438656074181,4.99962585407656,-0.338235622387202,4.64601436259409,4.17561205106279,4.07559546585034,3.5523140853476,-8.27597831976949,13.9299997889786
"Yemen, Rep.",YEM,GDP growth (annual %),NY.GDP.MKTP.KD.ZG,3.74739818489111,3.972696401183,5.59174807563268,3.17040935922364,3.33842795605096,3.64756947012633,3.86622951587742,7.70230703961865,-12.7148968954117,2.3929902093532,4.82351906650533,-0.188690232450909,-27.9945462536875,-9.37512381761694,-5.07179563883867,0.752447587579127,,,
Cambodia,KHM,GDP growth (annual %),NY.GDP.MKTP.KD.ZG,8.50589556031385,10.3405287733229,13.2500869149454,10.7710836693663,10.2125739144392,6.69157747619946,0.0866969592693891,5.96307857286416,7.06956994629047,7.31334550565219,7.35666514861452,7.14257110024776,6.96579781650981,6.93331397162559,6.99690369958998,7.46916920803093,7.05410693152042,-3.09600673131888,3.0263893638939
Guatemala,GTM,GDP growth (annual %),NY.GDP.MKTP.KD.ZG,2.56037766801896,3.13791683609193,3.27602692588886,5.35139778711536,6.33771869016203,3.29352400028485,0.476898106596394,2.88417542800377,4.16390688293349,2.97470856847661,3.69481919881751,4.44397758285268,4.09217081621244,2.67780255532826,3.07985149125689,3.40687339997949,4.0178979343828,-1.79185769458479,8.0024080363912
Belize,BLZ,GDP growth (annual %),NY.GDP.MKTP.KD.ZG,9.66522532391241,4.78066578300403,2.21918927117144,4.5114554419801,3.297024122697,-1.53859392110355,-0.450692253865967,1.23995291537476,-0.298181524565479,3.6615993816965,4.43764383676776,4.00531831673186,3.22549309143569,-0.0110344145780772,-1.81336514835535,1.05559823069711,4.23623453555723,-13.7316910831405,17.8624478393742
Algeria,DZA,GDP growth (annual %),NY.GDP.MKTP.KD.ZG,6.50000000017639,4.50000000010007,5.39999999964473,2.9000000001322,3.09999999978203,2.49999999997046,1.20000000003458,4.80000000030061,3.0000000000326,2.39999999959915,2.60000000006077,4.10000000035542,3.19999999974922,3.89999999992476,1.5000000001012,1.40000000013293,0.89999999991042,-5,3.8
Ethiopia,ETH,GDP growth (annual %),NY.GDP.MKTP.KD.ZG,-2.16135972205798,13.5726031368695,11.8187659466494,10.834727065877,11.4561670000236,10.7885216853725,8.80255319782566,12.5505383459308,11.1782962271641,8.64781163337416,10.5822700482672,10.2574929610051,10.3924630202334,9.43348265784402,9.56418964295607,6.81614779681703,8.3640856990789,6.05953088643369,5.64153071734657
Bosnia and Herzegovina,BIH,GDP growth (annual %),NY.GDP.MKTP.KD.ZG,3.8671387951343,6.32526616861466,3.89717798992193,5.41400357079434,5.85712634217094,5.44383103450177,-3.00445593013346,0.865669260237084,0.959511247241267,-0.821836474216894,2.3498566632458,1.15385109200403,4.31475061116335,3.24225521171914,3.24410095889466,3.82749920546897,2.88734334414875,-3.01509514759861,7.38996234012757
IDA blend,IDB,GDP growth (annual %),NY.GDP.MKTP.KD.ZG,5.01964357474635,7.58185147284125,6.21313626025213,5.85409565636272,5.61431520803895,4.15042279823392,5.97699972231642,5.93359435773799,4.59192246186737,4.38188791820858,5.51522110336258,5.60732495084059,3.74047100367632,2.08732977261732,2.55579179719419,3.84829204032468,2.77073135741782,-1.41574291758334,5.16429410899273
Albania,ALB,GDP growth (annual %),NY.GDP.MKTP.KD.ZG,5.52863746491788,5.51466791097914,5.52642424695465,5.90265903591924,5.98325951855567,7.50004143020151,3.35428934987461,3.70693815255319,2.54540614450104,1.4172427999078,1.00201754071108,1.77444885260394,2.21872637517804,3.31498068384137,3.80259872019053,4.01934561695576,2.08771199649604,-3.30208203862541,8.90852781831182
Croatia,HRV,GDP growth (annual %),NY.GDP.MKTP.KD.ZG,5.59963357166606,4.17994854019162,4.30749296174091,5.07683541210319,5.07502182824415,2.01952178877016,-7.21512020196286,-1.22486414117947,-0.0582469257747107,-2.29825501176262,-0.306838201985599,-0.341682629892162,2.54912963456138,3.6491975253731,3.36480330584141,2.98337691293294,3.44274248042554,-8.52043813391506,13.0411434856638
Puerto Rico,PRI,GDP growth (annual %),NY.GDP.MKTP.KD.ZG,0.0534198046891419,8.74867692653626,-1.98693873332269,-1.4094140244287,-1.16280669029348,-1.84413424978011,-1.95242514172253,-0.413254118484772,-0.358510628287917,0.0292751104898059,-0.306826657099748,-1.19036345385338,-1.04929003238674,-1.26369434781117,-2.88521838398481,-4.36142703162535,1.67546379498209,-4.1808743093346,0.385222719529239
Guyana,GUY,GDP growth (annual %),NY.GDP.MKTP.KD.ZG,-0.632225388266377,1.56335211034042,-1.95095759501714,5.12960934773,7.19123624057457,1.75522349592019,3.61150847218585,4.13844160137342,5.19625156051602,5.27633062046809,3.65338433338232,1.68649445019584,0.687404590619494,3.80745626378814,3.73449154571284,4.44091288475967,5.35284003535665,43.479651716849,20.0075297334354
Middle East & North Africa (excluding high income),MNA,GDP growth (annual %),NY.GDP.MKTP.KD.ZG,2.28266100749066,7.72971150883066,4.47171844981477,5.27732160544079,6.01522807359144,3.71624261777279,2.55154709322407,5.35895146418939,-0.941004604177522,3.55700351312456,0.456281090804623,1.82561996849616,0.722279033046206,5.40129282968478,3.12195637092995,1.81779376379079,1.11267383038005,-4.40283790910399,6.2212576875649
Qatar,QAT,GDP growth (annual %),NY.GDP.MKTP.KD.ZG,3.71995867654906,19.2189153397893,7.49275848279068,26.1702456703032,17.9856568160263,17.6635563626089,11.9565611289086,19.5923315337859,13.3751764107929,4.73001184360784,5.55604064306607,5.33432329196459,4.75334572438737,3.06419188430156,-1.49760470227838,1.23487220191065,0.688240954592672,-3.5576039896784,1.62684671918775
Senegal,SEN,GDP growth (annual %),NY.GDP.MKTP.KD.ZG,5.59395094456143,4.64329393683312,4.31023852639633,2.33077098330239,2.82711920133374,3.70316906391386,2.75210448455053,3.39088925336209,1.33409107961258,4.00299555090457,2.41238527605579,6.22407443790986,6.36704365066983,6.35606857181878,7.4074861863013,6.20924103389086,4.61362809749708,1.3420737726679,6.54400109937833
Singapore,SGP,GDP growth (annual %),NY.GDP.MKTP.KD.ZG,4.54825542643229,9.93998268434957,7.36632239250758,9.00676607871758,9.02151951268893,1.86348345462035,0.127953382778088,14.5197497108994,6.21493416858989,4.43549759378537,4.81763099120676,3.93554027709007,2.97679931634806,3.58864369582668,4.51292631770927,3.51711418509255,1.34505874082728,-3.86979893430043,9.69076687082064
Russian Federation,RUS,GDP growth (annual %),NY.GDP.MKTP.KD.ZG,7.29995234528189,7.19994786954857,6.39996544799469,8.20006825456321,8.49997776916511,5.19996926404957,-7.79999391271275,4.49999999920672,4.30002918567749,4.02408615746921,1.75542214874298,0.736267221765672,-1.97271922580408,0.193690071260534,1.82579006401834,2.80724541059601,2.19807571335009,-2.65365450102773,5.61429037578345
Guam,GUM,GDP growth (annual %),NY.GDP.MKTP.KD.ZG,0.879314134974734,6.49378949662236,3.64231634949867,-3.65251727541954,0.717213114754102,2.03458799593082,0.438683948155543,2.26325193567601,0.0776548243059523,2.13385063045585,1.69040835707501,1.79305192379529,0.825688073394488,0.18198362147406,0.890099909173486,-0.828231904933389,2.52360203340596,-10.5188595714539,2.0581832574708
Sub-Saharan Africa (excluding high income),SSA,GDP growth (annual %),NY.GDP.MKTP.KD.ZG,4.06069137630097,6.61108125915698,6.01625298208353,6.05283539870058,6.1597112131456,5.19701159459629,3.18540561641198,5.9967983524804,4.41027371059997,3.25837393041606,5.09369853092592,4.87142051012202,2.91550805166534,1.23269348476941,2.48003006546065,2.75279768600285,2.65684995243201,-1.95670713533904,4.26842091333799
"Micronesia, Fed. Sts.",FSM,GDP growth (annual %),NY.GDP.MKTP.KD.ZG,1.57211506743108,-3.08015304747474,2.04186716395544,-0.0810552934164832,-1.83618529402398,-2.40849258666222,1.09309924105246,2.25938995585932,3.18857475473928,-1.86681975475544,-3.67976779073483,-2.30577574529325,4.62188400404939,0.484101802387045,0.823045267489704,0,4.08163265306123,-1.9607843137255,2.8
United Arab Emirates,ARE,GDP growth (annual %),NY.GDP.MKTP.KD.ZG,8.80054081355328,9.56643663767056,4.85514119553352,9.83731976923958,3.18439017324607,3.19183627331816,-5.24292190385027,1.60285004671354,6.21612181664371,1.8244807850986,5.05555965807969,4.16569184064922,6.78677287656618,5.56149075979933,0.735068713941203,1.31391388153578,1.10834813453296,-4.95705243303316,4.35475529659919
South Africa,ZAF,GDP growth (annual %),NY.GDP.MKTP.KD.ZG,2.94907546754213,4.55455990721774,5.27705197295467,5.60380645895889,5.36047405394162,3.1910438863288,-1.53808913525583,3.03973288127956,3.16855627858818,2.39623238465745,2.48546800826588,1.41382645223793,1.32186223678229,0.664552307858116,1.15794695181735,1.55678384721676,0.25993557687633,-5.96335818439407,4.70306206485731
Central African Republic,CAF,GDP growth (annual %),NY.GDP.MKTP.KD.ZG,-5.39748521855877,5.99488422798696,0.908210514871953,4.77108543044105,4.60753485452025,2.05413096200485,8.58726042640994,4.63081843223307,4.19461533741989,5.05376125356918,-36.3919770983887,0.0810705153264877,4.33712103020231,4.75031684122342,4.52727821346231,3.78944359275462,3.09999999999999,0.899999996857062,0.982919996264229
Kiribati,KIR,GDP growth (annual %),NY.GDP.MKTP.KD.ZG,-1.61290322580645,-0.546448087431699,1.09890109890109,5.9782608695652,3.07692307692307,-2.98507462686567,0.512820512820511,1.0204081632653,3.53535353535352,5.85365853658537,7.37327188940091,1.28755364806867,11.4406779661017,7.22433460076046,3.54609929078013,3.42465753424656,3.31125827814569,-0.641025641025635,8.70967741935485
Central Europe and the Baltics,CEB,GDP growth (annual %),NY.GDP.MKTP.KD.ZG,4.08710482600061,5.83995749000159,5.01902183717348,6.59476113127972,6.43296450007797,3.93561539955252,-3.50654872544688,1.43626802392811,3.51420887602232,0.825752520966148,0.667716324872686,3.21575278337589,4.02632209202108,2.75319275014614,5.10127396652673,4.94640018271339,3.9085218171802,-3.41747603978885,6.43339870687696
Latin America & Caribbean (excluding high income),LAC,GDP growth (annual %),NY.GDP.MKTP.KD.ZG,2.40702989791446,5.27421879419067,3.98895482375281,5.25294233722504,5.33529155458459,3.73980822787215,-2.40638979699085,6.6720676437814,4.42530345672121,2.37115639361687,2.76540819718329,1.29588598740295,0.292573684049671,-0.483657124690296,2.01747161889023,1.56534077715564,0.665471963458231,-6.54268614832709,6.8144664615359
Maldives,MDV,GDP growth (annual %),NY.GDP.MKTP.KD.ZG,13.7500496588259,5.81636693266742,-11.2231662144758,23.6057982839176,7.1234276596343,8.97981687178448,-8.15776321543765,6.83547135623688,8.57269912813135,2.36374748850361,6.96324663194412,7.80109480695134,3.97171570327362,6.57223606622583,7.05453901381581,8.66800624215867,7.29833574515027,-32.9088287752921,37.6871922873131
Georgia,GEO,GDP growth (annual %),NY.GDP.MKTP.KD.ZG,11.0570310020104,5.79268292682926,9.59113832853026,9.42148081189909,12.5755698246405,2.42161440960641,-3.65075229596822,6.24640865303363,7.9343365253078,6.57883101954195,5.13288531209382,4.09049059581743,3.35102350265353,3.45021517996871,5.15990261658827,6.062036412677,5.38071926589951,-6.2904717853839,10.6442336580969
Bulgaria,BGR,GDP growth (annual %),NY.GDP.MKTP.KD.ZG,5.23715425251341,6.510425672373,7.0563496005182,6.80258960222969,6.65438762501466,6.1295587623277,-3.34714226298303,1.55535951301474,2.09017569644121,0.748814802957327,-0.542751313085674,0.949448520821818,3.39755387590648,3.02662839224124,2.74592725876734,2.69490655338835,4.03518894662498,-3.96615613627334,7.6617480742932
Liechtenstein,LIE,GDP growth (annual %),NY.GDP.MKTP.KD.ZG,-1.93756534125014,3.03917210306501,4.82807677743524,8.64496857267281,3.325963509369,1.79808847836411,-1.15748291975636,,,,,,,,,,,,
Small states,SST,GDP growth (annual %),NY.GDP.MKTP.KD.ZG,3.84187388416255,4.46322104363479,4.49021281534354,5.82519825435497,5.48661044448311,1.77150771306994,-3.28005519090549,2.43168870016581,2.80137450679013,1.73204564173524,1.46665283835104,2.35187779170528,2.90217784638642,3.28151427764374,4.24285823264236,3.73297279210021,3.42548851149165,-6.48876819930216,6.78651457690746
West Bank and Gaza,PSE,GDP growth (annual %),NY.GDP.MKTP.KD.ZG,14.0158654945752,21.9252394933447,11.2906511829271,-0.996556103477076,3.78828152085981,7.42918225547835,8.59349087893864,5.77736205629419,9.60080848913594,6.09645656326154,4.69856986552234,-0.157866650855297,3.72129967114788,8.86461881995935,1.41936756294787,1.22707737782703,1.36268746558062,-11.3184661065134,7.01198227592003
Heavily indebted poor countries (HIPC),HPC,GDP growth (annual %),NY.GDP.MKTP.KD.ZG,3.8888108743633,5.65739645725675,5.56906380443603,5.86256694451602,5.46047493666262,5.64147686899021,3.73811898333602,6.10051199969016,4.46204791584898,3.97711292045133,5.64048443542617,5.84589240559994,4.81618711096149,4.44296838242349,5.00347347755732,4.19327692653373,4.42098571652352,0.236251143945921,4.19513247848164
Austria,AUT,GDP growth (annual %),NY.GDP.MKTP.KD.ZG,0.941470920725337,2.73512022241023,2.24406532463878,3.45404183614122,3.72741530093519,1.4604236757386,-3.76457817791677,1.83709367680054,2.92279728368581,0.680445576816723,0.0255047121972183,0.661272848852605,1.01450158590511,1.98943716230463,2.25857243250671,2.42538536088061,1.45052918393192,-6.63299143662553,4.23786673253257
Mali,MLI,GDP growth (annual %),NY.GDP.MKTP.KD.ZG,9.1190419953243,1.55999866053489,6.53477877481288,4.66218687758322,3.49361681253744,4.77314508142975,4.80632226697864,5.31393527895875,3.21313378044307,-0.83673463153076,2.29506828962617,7.08468388056527,6.17180002424978,5.85229919941415,5.30545608438166,4.74648432724561,4.75616080770808,-1.235450447077,3.05261356942125
Hungary,HUN,GDP growth (annual %),NY.GDP.MKTP.KD.ZG,4.07424974585209,5.00462069164915,4.29427761009178,3.9460668802932,0.277372772325805,1.00394302900897,-6.59786721850169,1.0762540427767,1.86683747544298,-1.25022602347063,1.80252210082266,4.23220980614269,3.7073159793626,2.20100189293856,4.27197601620695,5.36234836176223,4.86422573511891,-4.48704604765308,7.06122060972912
Brunei Darussalam,BRN,GDP growth (annual %),NY.GDP.MKTP.KD.ZG,2.90395547653115,0.504318252687327,0.38750720823208,4.39771967752176,0.154581811742773,-1.93971463784671,-1.76453554132601,2.59896574643226,3.74531835205994,0.912841670964411,-2.12602851740175,-2.50835256644561,-0.392383749502031,-2.47791771833224,1.32860255161715,0.0522377907767719,3.86910986506845,1.1335733495246,-1.59076260099606
Aruba,ABW,GDP growth (annual %),NY.GDP.MKTP.KD.ZG,1.11050459944282,7.29372807096192,-0.383137672063768,1.12741146411624,3.0895443848509,1.83575517191368,-11.6777413693852,-2.73345679250639,3.36923718421511,-1.04079988436683,6.43148260418822,-1.58657513817235,-0.623625902371245,1.71962497989442,7.04853338603499,2.38173018636276,-2.3028363027198,-23.9825809597131,27.6393569688502
"Bahamas, The",BHS,GDP growth (annual %),NY.GDP.MKTP.KD.ZG,-1.26491667612372,0.882373744518318,3.39608420536011,2.51659221712706,1.44609991235758,-2.32364807041851,-4.17542805647342,1.53866248693835,0.613170735890648,2.99790320655973,-2.86330925726089,1.84726084348846,0.996758610594114,-0.961908776858536,2.79951863934495,2.62988985993933,-1.35726520928898,-21.4234630658488,15.4031489427848
American Samoa,ASM,GDP growth (annual %),NY.GDP.MKTP.KD.ZG,0.965517241379317,0.409836065573771,-0.408163265306129,-4.09836065573771,1.85185185185186,-2.65734265734265,-4.16666666666666,0.299850074962521,0,-4.33482810164425,-2.5,1.76282051282051,3.14960629921259,-1.67938931297709,-6.98757763975155,2.6711185308848,-0.487804878048777,4.41176470588236,-0.782472613458523
India,IND,GDP growth (annual %),NY.GDP.MKTP.KD.ZG,7.8603814759073,7.92293661199932,7.92343062148318,8.06073257166651,7.6608150670107,3.08669805921981,7.86188883286074,8.49758470221235,5.24131619938926,5.45638755164701,6.38610640092348,7.41022760516408,7.99625378566586,8.25630550178155,6.79538341898569,6.4538513449766,3.87143694070957,-5.77772470687434,9.68959249191211
Other small states,OSS,GDP growth (annual %),NY.GDP.MKTP.KD.ZG,4.51821928109177,4.93802711659484,4.94193629229194,6.39726990504643,6.35043993181057,2.05764255095009,-3.59888262727243,2.71339755474523,3.00357203777814,1.63152052808375,1.70147807917355,2.41518620047516,3.36494787653683,3.8912084246695,4.76330819546558,3.97088218742294,4.06419882121789,-5.71729190315421,6.58600635011335
Europe & Central Asia (IDA & IBRD countries),TEC,GDP growth (annual %),NY.GDP.MKTP.KD.ZG,6.18124734901077,7.86813186586978,6.64326064519712,7.853186716488,7.62753658428245,4.45629803386404,-4.67251564030255,4.63262462961245,5.92848340033075,3.45602286525539,3.39150568218889,2.33777127305463,1.48815723386977,1.8525064629824,4.29253214633275,3.69471936803782,2.65714284041665,-1.46289536902678,7.38646816523473
St. Kitts and Nevis,KNA,GDP growth (annual %),NY.GDP.MKTP.KD.ZG,-3.93339486032939,3.99634666125431,9.73282070298016,3.15038119968223,0.600602326543751,11.1785279683724,-3.37930611341334,0.0439776540971621,1.61660730423688,-0.525762355415353,5.70982297813258,7.36556170803422,0.694135527876625,3.93270319273282,0.220941147299996,2.00352549800972,2.83126737870639,-15.3544517590966,0.479678356753311
Suriname,SUR,GDP growth (annual %),NY.GDP.MKTP.KD.ZG,6.29999943314137,8.50000018479413,4.50000021086888,5.79354358463304,5.11148777773458,4.14340681165626,3.01369898266211,5.16882515225814,5.84936767173009,2.69034974668847,2.9334416518612,0.255503031645475,-3.41304268067621,-4.91166050905851,1.56603782534897,4.94827108468886,1.16758977233877,-15.9751917148622,-2.43538583612838
Malta,MLT,GDP growth (annual %),NY.GDP.MKTP.KD.ZG,4.07406758949939,0.140268537240203,3.38359372183241,2.51014276491905,4.77470580212453,3.8263591660248,-1.13387365460049,5.5436400107222,0.467050564252716,4.11770637605775,5.47335591422899,7.6335384644276,9.6081323482308,3.38145047586738,10.8692692319326,7.41626982344488,7.1242612165712,-8.15677876534716,12.5139471706304
"Macao SAR, China",MAC,GDP growth (annual %),NY.GDP.MKTP.KD.ZG,11.6406279553622,26.6303427057285,8.07569424747268,13.3901469197364,14.4767411392737,3.39134349083308,1.27440707233202,25.1225945599347,21.616648080154,9.24226499297308,10.7527800789862,-2.04830363415093,-21.5144021947741,-0.679023626830443,9.8600273155359,6.40517849433957,-2.56352273205944,-54.3358756393687,23.5355669383932
Palau,PLW,GDP growth (annual %),NY.GDP.MKTP.KD.ZG,-3.22333433814303,3.93905372010572,3.41398954213761,-0.12372305506662,1.75400329499828,-5.49393600258631,-7.26061221684758,-0.895890472497513,5.1182793171608,1.25345368709932,-3.03629804418313,5.2944551398963,9.74841343438212,0.882451194361991,-3.53960966207958,0.633500456681062,0.909470287297864,-7.56802122871169,-14.1640511125218
Rwanda,RWA,GDP growth (annual %),NY.GDP.MKTP.KD.ZG,2.20240814177109,7.44767956797858,9.37788952445548,9.22706782580049,7.63328434196235,11.161263870131,6.24826524602575,7.33465478667033,7.95838541860303,8.64150670706853,4.71984883125351,6.16716027348659,8.85686468710109,5.97074118840038,3.9181656502967,8.51646830600681,9.44739158975898,-3.37369377003786,10.8579671876279
IDA & IBRD total,IBT,GDP growth (annual %),NY.GDP.MKTP.KD.ZG,5.85472061032668,7.55695579032634,7.10096580334807,8.11240850217312,8.70205555705932,5.83585509540794,2.96973926588133,7.6831010647312,6.20346196644704,5.28463225246539,5.22325358422692,4.84630868421327,4.32675343024572,4.45496451944591,5.14241842009484,4.89001452039273,3.9791190559074,-1.35543501142301,7.38665926475153
World,WLD,GDP growth (annual %),NY.GDP.MKTP.KD.ZG,3.10427567346218,4.46925885476534,4.00586591028021,4.4427926960624,4.37327669000229,2.06249593292573,-1.35578209060768,4.52954597288344,3.32713269662275,2.70911515835066,2.86822214282918,3.12386991048261,3.12613558771196,2.82055728507054,3.46023911788988,3.28661298847909,2.64221643519326,-2.93204334405938,6.25985128447172
Nepal,NPL,GDP growth (annual %),NY.GDP.MKTP.KD.ZG,3.94503776051116,4.68260325152944,3.47918104829496,3.36461478056277,3.41156027980276,6.10463914373472,4.5330787246486,4.81641464694573,3.42180870116162,4.67014192446953,3.52515317129149,6.01148284250441,3.97605327162971,0.433113719381524,8.97727935643466,7.62237610397933,6.65705543110468,-2.3696206292072,4.838149614115
Turkmenistan,TKM,GDP growth (annual %),NY.GDP.MKTP.KD.ZG,3.26882855955344,5.00040743766748,13.034034870022,10.9733083254017,11.05929947045,14.7,6.10000011485643,9.19999998805483,14.6999999278723,11.0999999615545,10.200000101399,10.2999999705459,6.49999990951666,6.1999999664301,6.50000004682975,6.19999994137119,6.30000004226711,5.89999999999999,6.2
Uruguay,URY,GDP growth (annual %),NY.GDP.MKTP.KD.ZG,0.805283915893824,5.00416035564457,7.4601321302473,4.09857735445401,6.54151084504817,7.17614466455107,4.24349419462426,7.8034096507169,5.16213302463606,3.53817872056869,4.63753862902416,3.23879122952364,0.370741257681345,1.68979815933486,1.74037649262446,0.164518266525505,0.928565543252915,-7.38009884092411,5.56189279343275
Afghanistan,AFG,GDP growth (annual %),NY.GDP.MKTP.KD.ZG,8.83227780288267,1.41411799339429,11.2297148272859,5.35740324748592,13.8263195471281,3.92498381999467,21.3905283926492,14.3624414710737,0.426354776777345,12.7522870926697,5.60074465863221,2.72454336219565,1.45131466066431,2.26031420279821,2.6470032027451,1.18922812944517,3.91160341625552,-2.35110067203466,-20.7388393676343
Brazil,BRA,GDP growth (annual %),NY.GDP.MKTP.KD.ZG,1.14082899824888,5.75996463670954,3.20213206130431,3.96198871122617,6.06987060678338,5.09419544658736,-0.125812002161169,7.52822581815364,3.97442307944702,1.92117598576537,3.00482266944432,0.503955740242247,-3.54576339269425,-3.27591690782192,1.32286905404399,1.783666761634,1.22077782360842,-3.2767587964736,4.76260437908608
Tajikistan,TJK,GDP growth (annual %),NY.GDP.MKTP.KD.ZG,10.9999990780572,10.2999989410117,6.69999851655409,7.00000321108996,7.80000011872161,7.89999827154939,3.90000114826496,6.49999908585235,7.40000059956711,7.49999946321525,7.39999974700379,6.70000069016253,6.01930331771186,6.89999999999999,7.10000041864309,7.5999988895536,7.40000016310556,4.40000111553493,9.39999955037523
IDA only,IDX,GDP growth (annual %),NY.GDP.MKTP.KD.ZG,4.79808362317296,5.82983278299463,6.16433885275703,6.29372804648504,6.21939773790517,5.87613700800567,4.25262338382095,6.43091323451451,3.78665535227746,2.47364864456929,4.97941208031416,5.36332000691675,3.09222401192028,4.35951929288596,5.25609876832121,4.7775026978655,4.96526418580667,-0.237845290364646,3.78918249767895
East Asia & Pacific (IDA & IBRD countries),TEA,GDP growth (annual %),NY.GDP.MKTP.KD.ZG,8.94395195518388,9.12090674476882,9.97650606306892,11.0778674808846,12.4861550379558,8.61541267345021,7.98436893969252,9.92108201376767,8.64289773095604,7.58023773794096,7.29846415082417,6.98434973711566,6.70720095585358,6.56457371022981,6.70740565027259,6.52484260710393,5.78182085585361,1.24678181948383,7.60341969056822
Romania,ROU,GDP growth (annual %),NY.GDP.MKTP.KD.ZG,2.34114732919521,10.4281130180976,4.6681480508487,8.02881107599163,7.23380774362805,9.30746717077338,-5.51739440805439,-3.90123628018621,4.51708696433914,1.92499326240754,0.269963878633803,4.12067496319813,3.16050387041089,2.8575460568877,8.19650650309624,6.02901904128214,3.85316383348211,-3.67751079121797,5.70889455766321
St. Lucia,LCA,GDP growth (annual %),NY.GDP.MKTP.KD.ZG,4.26461148738223,7.2674088699471,-0.410304726290235,6.19525729141048,1.69161857433913,4.94932194028057,-2.82889954830628,0.330018546071486,4.32694280532142,-0.108756148262358,-2.00502437372521,1.52067344396673,0.102115735124443,3.42786536845747,3.3796285677149,2.88677902171601,-0.653959999999998,-24.5044000000001,12.22991
Lithuania,LTU,GDP growth (annual %),NY.GDP.MKTP.KD.ZG,10.565956988762,6.56949011753593,7.73236760360545,7.41412133545715,11.1074801410501,2.61442303328732,-14.8386083735986,1.65124065328366,6.03900816040344,3.84386474906337,3.55007284270488,3.53700987901611,2.02458395469182,2.51882827307178,4.28259695120761,3.99331032795327,4.6656783812234,-0.0246124952916773,6.28471003860921
Latvia,LVA,GDP growth (annual %),NY.GDP.MKTP.KD.ZG,8.42286220668569,8.28414597787324,10.7203659565649,11.9718356939022,9.941921627624,-3.24912072305602,-14.2601400377132,-4.455567259981,2.57371236333377,7.04224716054507,2.00796687876637,1.90217268380506,3.88526005426763,2.36861474664423,3.31247593587459,3.99051924069269,0.587502383494098,-3.51380284197906,6.73173527824665
Botswana,BWA,GDP growth (annual %),NY.GDP.MKTP.KD.ZG,4.62589474959299,2.70582170611173,4.55664565323181,8.36387109282306,5.79255577727118,3.25207295796832,-14.1442346163423,10.1222091179732,6.83852974803483,-0.170900761456892,11.1028237779771,5.69477738185952,-4.85133564036167,7.20442475914267,4.1143636634186,4.18809355373698,3.0322025744566,-8.72875252639037,11.9206365085117
Netherlands,NLD,GDP growth (annual %),NY.GDP.MKTP.KD.ZG,0.155645898017013,1.98494571422152,2.05087610813881,3.46098895411502,3.77284252073882,2.17032485133603,-3.66688393735825,1.34273933636553,1.55118931244651,-1.03035399148436,-0.130175288449919,1.42339539510084,1.95916972105708,2.19171371926123,2.91090251315005,2.36091509478513,1.95558841574046,-3.88608391819609,6.19185710427116
Australia,AUS,GDP growth (annual %),NY.GDP.MKTP.KD.ZG,3.09068718165635,4.22432172716931,3.15413925672789,2.75529824273126,3.77339268108837,3.58622797986055,1.89257360858259,2.22653807797504,2.40897178005686,3.91840962538336,2.60619844706027,2.60740103188527,2.20181015336807,2.77914262537222,2.31870938698817,2.90636311509867,2.1811091061096,-0.33468635945016,2.11183088925151
Panama,PAN,GDP growth (annual %),NY.GDP.MKTP.KD.ZG,4.20549590588261,7.52207972029464,7.19127934529205,8.65246568580307,11.9839851119737,9.85565510810169,1.24299212683259,5.82799344815517,11.3136259692698,9.77849011059975,6.90394810915348,5.06642233879558,5.73305430915852,4.9532114714853,5.59114887414709,3.68542981594908,3.28187497706709,-17.6683327218533,15.835765045402
Comoros,COM,GDP growth (annual %),NY.GDP.MKTP.KD.ZG,2.1038716355305,1.91965980712278,2.83754786988332,2.6469554759412,0.800042348955387,3.96461118871815,3.24074072826829,3.77776674982255,4.1435066947591,3.16840986908748,4.4662473147818,2.10665758942474,1.14735076108914,3.32044656240026,3.81576287682401,3.6424511379732,1.76078023923176,-0.195556827149787,2.11219557695527
Pacific island small states,PSS,GDP growth (annual %),NY.GDP.MKTP.KD.ZG,1.98622566571088,3.99109240071063,2.43981570061422,2.37574820869501,0.420858615914028,2.13121676754764,-0.59207485722942,3.73032563859934,3.86208343778161,1.00600853638552,3.21467716270793,3.6242973001453,3.77915708122441,3.78060733595218,4.0055017910708,2.76318012867718,1.21450022836216,-10.253068536481,-2.86796554332169
Cameroon,CMR,GDP growth (annual %),NY.GDP.MKTP.KD.ZG,5.45315368881347,7.04886281858374,2.22827020924117,3.80958327566137,4.32758900972871,2.8476778892105,2.57925177738754,2.89902472122014,3.37921128506045,4.62597872209571,4.99552916130783,5.71981814509198,5.66695298703932,4.53579423678801,3.54117654926007,3.95551423892049,3.47505998194981,0.259932915907115,3.33885747179505
Monaco,MCO,GDP growth (annual %),NY.GDP.MKTP.KD.ZG,1.08753674887137,2.47048416786116,1.87567963514286,5.79404793257837,14.4386357978591,0.73961279095063,-11.3344849924422,2.06522003847931,7.02235796606936,1.01221796129491,9.57709795612061,7.18702789807635,4.8634732114333,2.96410458593932,-3.04412148638065,5.78034682080926,7.08346061161458,-13.0110935023772,21.8673711058481
Barbados,BRB,GDP growth (annual %),NY.GDP.MKTP.KD.ZG,2.17548076923077,1.41159863545465,3.95545760352627,6.07054563713456,2.07918388917751,0.633461059309965,-5.01727595949662,-2.21771043677749,-0.77239614003264,-0.249110377623012,-1.31354346756765,-0.0582879004407744,2.42392540824112,2.55267799311693,0.514753125831376,-0.746352496702428,0.379893732533731,-12.5396664134407,-1.18319712008605
"Venezuela, RB",VEN,GDP growth (annual %),NY.GDP.MKTP.KD.ZG,-7.75530004959883,18.2866066891245,10.3179138043148,9.87214910851037,8.7535788078585,5.27785412398782,-3.20230265749002,-1.48879125078348,4.17642535923927,5.62595697508641,1.34309403607476,-3.89438647450662,,,,,,,
Mozambique,MOZ,GDP growth (annual %),NY.GDP.MKTP.KD.ZG,7.21770086569656,8.20470494788577,6.31202378023193,9.91067756782915,7.64935393795867,6.87802942560995,5.92897187460815,6.67972935662864,7.13405842300445,7.9945031610722,6.57141389665537,7.70256844839309,7.3930936986377,4.69699024225795,2.63820737310658,3.48493202378488,2.3178139469445,-1.21952250306097,2.37743573747173
South Asia,SAS,GDP growth (annual %),NY.GDP.MKTP.KD.ZG,7.17607110111503,7.54872298634541,7.61273344167741,7.61852880141585,7.13916612636942,3.2981049942519,6.94990015884613,7.36599200861392,5.07122194849418,5.38128973603351,6.00860161536451,6.84783789148651,7.25156162420913,7.77623550746786,6.50264099306672,6.33469355433985,3.92432284048063,-4.58269312944782,8.76382055037797
South Asia (IDA & IBRD),TSA,GDP growth (annual %),NY.GDP.MKTP.KD.ZG,7.17607110111503,7.54872298634541,7.61273344167741,7.61852880141585,7.13916612636942,3.2981049942519,6.94990015884613,7.36599200861392,5.07122194849418,5.38128973603351,6.00860161536451,6.84783789148651,7.25156162420913,7.77623550746786,6.50264099306672,6.33469355433985,3.92432284048063,-4.58269312944782,8.76382055037797
Peru,PER,GDP growth (annual %),NY.GDP.MKTP.KD.ZG,4.16502313666112,4.95820320611745,6.28506032509601,7.5288990440594,8.5183877690955,9.1265683014642,1.0958236592427,8.33245910749577,6.32719240161117,6.13972470560435,5.85251821084928,2.38215737180541,3.25224477218451,3.95331871520767,2.51883544233135,3.969351341365,2.24063176875049,-10.9333065010382,13.3552295093079
Niger,NER,GDP growth (annual %),NY.GDP.MKTP.KD.ZG,2.1706103837418,0.363801578722132,7.33186884258517,5.93104997350342,3.14272408386731,7.73141422777337,1.96260090694645,8.57816674262253,2.35775693603874,10.5489445763446,5.31513063394726,6.64213665495603,4.39264883207291,5.74089315058157,5.00536078615544,7.21141802762897,5.93985257123522,3.55064109436891,1.38359636198477
Denmark,DNK,GDP growth (annual %),NY.GDP.MKTP.KD.ZG,0.390058556485101,2.66821926741747,2.33664130821947,3.9130079783106,0.909238928302372,-0.512016744849106,-4.90654772965155,1.87099114718497,1.33677776690328,0.226499791802965,0.933340972371226,1.61939381103033,2.34259110757047,3.24595698524396,2.82173634129026,1.98953731496432,1.49348695853648,-2.42451267861938,6.84452190183443
Cyprus,CYP,GDP growth (annual %),NY.GDP.MKTP.KD.ZG,2.6232861229859,5.02634392575987,4.85300383835666,4.71382866563106,5.09806845261184,3.6468119905756,-2.01526235906867,2.28354499702917,0.416712762832276,-3.44738142393619,-6.58748225683094,-1.77606191187711,3.41892318781653,6.57358020185954,5.73347613913472,5.647664895964,5.53725481070528,-3.44359637887621,9.91131179221449
Isle of Man,IMN,GDP growth (annual %),NY.GDP.MKTP.KD.ZG,5.99999968812641,5.20000310402496,5.89999933576675,7.69999871253432,7.50000022988817,4.90000100081545,2.10000027181374,3.39999842395957,1.99999938207415,7.30389030524779,4.14186274170059,5.15509984989137,-0.385867273954958,6.95230365740586,2.83775741504488,2.21339675044368,0.254878786117672,-8.8368174000649,3.83783666558899
Mexico,MEX,GDP growth (annual %),NY.GDP.MKTP.KD.ZG,1.18554486709559,3.56544100946846,2.11324712586392,4.80501352746852,2.07786393438754,0.943331863036903,-6.29525055780502,4.9713345832195,3.44404505794418,3.55321075993527,0.852101559410627,2.50376350288664,2.70232342550646,1.77249323845399,1.87172853327193,1.97208209405635,-0.251335754924085,-8.62455573080136,5.73920833768318
Sri Lanka,LKA,GDP growth (annual %),NY.GDP.MKTP.KD.ZG,5.9402690780223,5.44506127885352,6.24174804376447,7.66829190107919,6.79682611892866,5.95008814473897,3.53891205317842,8.01596737040464,8.66948301160571,8.63218138024038,4.05174632926911,6.37797889289399,4.2059554759927,5.05362489256818,6.4606812707036,2.31008425192161,-0.220483886072614,-4.62451581633715,4.20748597719036
Eritrea,ERI,GDP growth (annual %),NY.GDP.MKTP.KD.ZG,-2.65551592487554,1.45173556595506,2.57444955124846,-0.969217110711355,1.42682221120323,-9.78303001782456,3.8765015275421,2.19419034888082,8.67980010138049,,,,,,,,,,
Oman,OMN,GDP growth (annual %),NY.GDP.MKTP.KD.ZG,-2.66859110888825,1.29220568072958,2.49022114266498,5.3718888740982,4.45268356538111,8.20007815759141,6.1123956079346,1.71398531148034,2.89460973541192,8.86312225557018,5.22770408145942,1.29225229411081,5.01705799719045,5.04642394571691,0.304057565922449,1.28710391543288,-1.1287110618463,-3.37971439992238,3.09227668737446
Haiti,HTI,GDP growth (annual %),NY.GDP.MKTP.KD.ZG,3.48077973188326,-1.3178567596495,3.07217337664731,1.76875060288195,4.70652994008303,2.6580323082747,5.89037894844316,-5.65151153448299,5.09821354410036,0.502424403581585,4.32478411472874,2.88877250863379,1.40000000859727,1.81246807847532,2.51027134544685,1.66781095484656,-1.72309699839232,-3.30550546965893,-1.79823988931486
Turkiye,TUR,GDP growth (annual %),NY.GDP.MKTP.KD.ZG,5.76320606654714,9.79593638920282,8.99230493626517,6.94798808571993,5.04350793157104,0.815024573007705,-4.82315395301769,8.42710432276191,11.2001105833504,4.78849271108008,8.48581699653026,4.9397151613658,6.08448690443663,3.32308420845746,7.50199748917491,3.01317990846508,0.81852593620826,1.85983969001542,11.4393847446421
Spain,ESP,GDP growth (annual %),NY.GDP.MKTP.KD.ZG,2.98193631644672,3.12273351662624,3.65208419190144,4.10268574072705,3.60473846199818,0.887067045576416,-3.7631070424473,0.162919517758226,-0.814384776648922,-2.95892213230024,-1.40334186790638,1.39577536727975,3.83851887667484,3.03777414172446,2.97576072924863,2.28446941947622,1.9839662230883,-11.1672978596983,6.40317361484541
Burundi,BDI,GDP growth (annual %),NY.GDP.MKTP.KD.ZG,-1.22372796023444,4.83365776809453,0.900000000901912,5.41380714491444,3.45194856381943,4.86171636712641,3.81274536633418,5.12415999439806,4.03259998844415,4.44670633111495,4.92418989834684,4.24065021402657,-3.9000000804855,-0.600000909116389,0.500001262429279,1.60993542127714,1.81256532401552,0.327156892638385,3.09999999870627
Equatorial Guinea,GNQ,GDP growth (annual %),NY.GDP.MKTP.KD.ZG,13.9552503163825,37.9987268556423,16.7487006053541,7.70491760658767,15.2821139194857,17.7991091333811,1.34335628806095,-8.92417588851806,6.52392362989873,8.31287184445641,-4.13319850131583,0.415066301596866,-9.11004114881537,-8.81641723219757,-5.66750850486686,-6.23654406734575,-5.48182537893445,-4.79108083383294,0.860269956382069
Curacao,CUW,GDP growth (annual %),NY.GDP.MKTP.KD.ZG,0.288186681651752,0.208461073109362,0.676425345201665,1.63593468987035,2.46996322836787,2.18804308019168,-0.531308242338184,0.0823066088131412,0.50845748203723,-0.34895082430242,-0.635696907591139,-0.637397373327133,0.458151544160046,-1.06770848655277,-1.2762081008495,-2.10411133101029,-3.20613230348162,-18.0384576815908,4.2
Lesotho,LSO,GDP growth (annual %),NY.GDP.MKTP.KD.ZG,4.55977716384528,1.69237417358596,3.46612222755311,4.23009522805209,4.18791409957151,5.52341966978646,-1.25375779920832,5.26967078056286,4.61641394528752,6.33408374679448,1.79252555575545,1.71054990545476,3.12406678044546,3.60890731687714,-3.13817493733471,-1.48063315848241,-1.41799383085205,-7.4587170594629,1.85267852107842
Pre-demographic dividend,PRE,GDP growth (annual %),NY.GDP.MKTP.KD.ZG,-0.727333087213481,11.9676515281781,5.97312531067658,6.22516424217756,6.06225149916236,6.38702191185929,4.92226229828574,6.56194489845284,4.29670973663181,4.25050358902806,5.8592900282368,5.09889732446534,3.27668118730698,2.39832550615498,1.6152836623985,2.58736314113948,3.30796457026474,-2.5612561140204,3.15426000013312
Slovak Republic,SVK,GDP growth (annual %),NY.GDP.MKTP.KD.ZG,5.49908307699157,5.27888071780144,6.62346125850533,8.49317674533845,10.8320288129653,5.574886345113,-5.45553286715979,6.71663274983085,2.67145277909515,1.31880224556281,0.632740007294188,2.69718980707125,5.16718160614154,1.94395086102337,2.93806867784903,4.03038971425349,2.51125619776377,-3.32972320966405,4.77122142450317
Least developed countries: UN classification,LDC,GDP growth (annual %),NY.GDP.MKTP.KD.ZG,4.99113156668716,6.38088320242632,7.42553661335744,6.87156469885288,7.26562705564766,6.44492278039242,4.25871481156702,6.2384348797125,3.20845387811421,3.14731726521788,5.70109675500126,5.61540054823142,2.68376430305715,3.67436691389086,4.47817465594949,4.55790080139364,5.006065947411,-0.0670758300886405,2.77217553498012
Virgin Islands (U.S.),VIR,GDP growth (annual %),NY.GDP.MKTP.KD.ZG,-0.396080883885759,3.28589367936377,3.4853090172239,3.50499314666143,4.01059402194477,1.21862495452891,-6.59478885893981,0.596383224317051,-8.20424555364315,-14.8125,-6.28515529469308,-1.77453027139875,-0.425079702444208,1.6008537886873,-0.735294117647058,1.9047619047619,2.93354101765317,-1.91677175283733,2.85420416559528
Vanuatu,VUT,GDP growth (annual %),NY.GDP.MKTP.KD.ZG,4.28833511695458,3.98739280216962,5.30532647259227,8.46069747205426,2.8758922877538,5.60099182147214,3.03730354099602,1.25886720329326,3.13980290023412,1.01004768692042,0.463390415135095,3.13686729438693,0.366522075389213,4.68875636558563,6.31730538443077,2.90023027256446,3.24118765540442,-4.99249142889525,-1.55229489129462
Kazakhstan,KAZ,GDP growth (annual %),NY.GDP.MKTP.KD.ZG,9.30000000033759,9.60000000136854,9.69999999922682,10.7,8.89999999999405,3.30000000021091,1.19999999942873,7.30000000329814,7.40000000144188,4.79999999528297,5.99999999671084,4.20000000566705,1.20000000053288,1.09999999910173,4.10000000257358,4.09999999309841,4.50000000091883,-2.49999999628,4.29999999729456
Chile,CHL,GDP growth (annual %),NY.GDP.MKTP.KD.ZG,4.72324526681116,6.67425416745972,5.83704571525745,6.04999082904382,5.16823098722429,3.7893928023371,-1.1180372326977,5.85165101730949,6.22389678693851,6.15534002096459,3.30850824469113,1.79264947361806,2.15194249853634,1.75303874553305,1.35769537797211,3.99002947521676,0.634367533828438,-6.14347479224092,11.3339570691911
Pakistan,PAK,GDP growth (annual %),NY.GDP.MKTP.KD.ZG,5.40131087314342,7.83125556961251,7.2765744364722,6.05163767569996,4.4448143398844,2.1204410433083,3.47255059567348,1.50171752152883,2.68011685421705,3.02758391088629,4.36686504978387,4.11642817161422,4.21794209572506,6.57383828511043,4.43262590683975,6.15170261099519,2.49763692943365,-1.27408744338709,6.51388575852702
Switzerland,CHE,GDP growth (annual %),NY.GDP.MKTP.KD.ZG,-0.0323984765377787,2.70170920967028,2.74969898498485,4.07362844994275,3.9163758177818,2.80798363168692,-2.29737463071545,3.24339733550173,1.81310819203695,1.17925383325108,1.79214405707484,2.34988127508626,1.64462768699285,2.0686896670996,1.36279955711416,2.86044579461633,1.14198232505277,-2.14173720650054,5.39188804141473
Serbia,SRB,GDP growth (annual %),NY.GDP.MKTP.KD.ZG,4.38775702299594,9.02819692829154,5.53034712145433,5.10779014122984,6.43952555416212,5.6555766215919,-2.73175198917728,0.73104455254213,2.0362766886403,-0.68154236933475,2.89263673355808,-1.58951031990257,1.80605926509682,3.33858676542988,2.10116384741241,4.4951212927627,4.33173490608283,-0.903218501520755,7.72594777674031
Nicaragua,NIC,GDP growth (annual %),NY.GDP.MKTP.KD.ZG,2.52073289551447,5.31217056950739,4.28239833770654,4.15319958790397,5.07581749945302,3.43477216304957,-3.29129212830696,4.40964549908733,6.31747638326586,6.49597922902167,4.92611504652518,4.78584705943099,4.79270223158466,4.56292760915053,4.63138368138509,-3.3637057173864,-2.89648807769926,-1.75538036103812,10.3154484052751
Africa Eastern and Southern,AFE,GDP growth (annual %),NY.GDP.MKTP.KD.ZG,2.96340515607194,5.55736352797653,6.16483585935859,6.57759419970034,6.64659349092027,4.3710975723267,0.880331357920653,5.23377797192232,4.06901977125888,1.75621020352889,4.25034509905811,3.98318178416663,3.01157198178016,2.18358078096774,2.65139974202668,2.681718104162,2.18925928385238,-2.78037855183037,4.49737998264359
Angola,AGO,GDP growth (annual %),NY.GDP.MKTP.KD.ZG,2.99000000000001,10.9500000059465,15.0299999905513,11.549999997879,14.0100000086059,11.1699999942146,0.860000002152788,4.39837593810763,3.47205314798103,8.54210707584141,4.95461303112738,4.82255926962156,0.943571561325001,-2.5801112218828,-0.147149825449205,-1.31636168896895,-0.702272957616017,-5.63821471714934,1.19921052145153
Bangladesh,BGD,GDP growth (annual %),NY.GDP.MKTP.KD.ZG,4.73956739963045,5.23953291029852,6.53594493875502,6.67190498576788,7.05859935449848,6.01378975738535,5.04512479919337,5.57178818533122,6.46437912497728,6.52145877906443,6.01360565834344,6.0610593588495,6.55263987816197,7.11347821270093,6.59024999794057,7.31941263014136,7.88191515117722,3.44801755122445,6.93867912442445
Northern Mariana Islands,MNP,GDP growth (annual %),NY.GDP.MKTP.KD.ZG,0.343170899107761,-3.07797537619699,-12.7028934368384,-6.87146321746161,-6.68402777777779,-11.0697674418605,-17.5732217573222,1.3959390862944,-7.38423028785982,0.810810810810807,2.68096514745308,4.177545691906,3.38345864661653,29.2121212121212,23.1707317073171,-19.2688499619193,-11.3207547169811,-29.6808510638298,
North Macedonia,MKD,GDP growth (annual %),NY.GDP.MKTP.KD.ZG,2.22260165732409,4.67408957960916,4.72408864201974,5.13702516153505,6.47348685752347,5.47200139015595,-0.358614856979671,3.35875085773812,2.33988604520331,-0.456183223607937,2.92525766450484,3.62912351276373,3.85586514041738,2.84820519363306,1.08177273813243,2.88059670964267,3.91041953840173,-4.68845000956652,4.51067949038222
Middle East & North Africa,MEA,GDP growth (annual %),NY.GDP.MKTP.KD.ZG,5.05817226371769,7.84026973253202,4.97968651976942,5.8961597960066,5.16054571047529,4.57602748558443,0.594667396165519,5.06022867900147,3.74759282285639,3.9393403876909,2.17346004174705,2.83288241151803,2.69041730604347,4.35975377623123,1.95724359651095,2.26225934406503,1.37834963889598,-4.0232993723727,5.57289085590358
Czechia,CZE,GDP growth (annual %),NY.GDP.MKTP.KD.ZG,3.58368845880418,4.81426100126959,6.60161752988951,6.76693268125427,5.57033885921025,2.68641195092762,-4.65733109171755,2.43490215904518,1.76035962445222,-0.785004299003617,-0.0459036735515213,2.26210289708078,5.38838083815307,2.5372845203138,5.16872430413071,3.22008806955105,3.02987866345279,-5.50296796125089,3.55302130899085
Myanmar,MMR,GDP growth (annual %),NY.GDP.MKTP.KD.ZG,13.8439968903798,13.5646616163416,13.5689500216456,13.0761013792372,11.9914352402146,10.2553053929808,10.5500090961932,9.6344394520444,5.59148237823661,7.33267044704149,8.42600102501767,8.16990745558277,6.99284029026121,5.86247291518572,6.13610824360305,6.26886221471075,6.57911006765414,-9.04834717984643,-12.0163724829177
Viet Nam,VNM,GDP growth (annual %),NY.GDP.MKTP.KD.ZG,6.89906349055258,7.53641060890386,7.54724772895918,6.97795481056711,7.12950448605439,5.66177120891362,5.39789754014181,6.42324482239482,6.41316889681683,5.5045447041189,5.55351081026072,6.42224312118567,6.98715430598611,6.69000892660424,6.94019037359206,7.46500685572751,7.35926270105006,2.86541320912272,2.55372852648131
"Hong Kong SAR, China",HKG,GDP growth (annual %),NY.GDP.MKTP.KD.ZG,3.05628210676853,8.70009786879737,7.38812739367063,7.03265900519784,6.4648144548709,2.12798181467106,-2.45908947336588,6.76766257042567,4.81471379564613,1.70031366284486,3.10154169020906,2.76237449357055,2.38783888125143,2.17541170539882,3.79609070564942,2.84691154561109,-1.67242651924354,-6.54477867707153,6.454396778722
Indonesia,IDN,GDP growth (annual %),NY.GDP.MKTP.KD.ZG,4.78036912376109,5.03087394494024,5.69257130261316,5.50095178537065,6.34502222761846,6.01370359922831,4.62887118346032,6.2238541798264,6.16978420771008,6.03005065305615,5.5572636889101,5.006668425755,4.87632230022123,5.03306918280177,5.06978590134916,5.17429153955024,5.01928768046282,-2.06551182934165,3.70288562827751
Chad,TCD,GDP growth (annual %),NY.GDP.MKTP.KD.ZG,14.7216670121033,33.6293718524659,17.3325337350837,0.648262014094513,3.27149957888643,3.05269153196828,4.21769555189633,13.5501008595489,0.0828697984381961,8.88257607170316,5.70000136285864,6.89998504532166,2.76767568484473,-6.25552708545281,-2.98869598553931,2.37403780037786,3.24718191743429,-1.60000673705524,-1.16918700397552
"Congo, Rep.",COG,GDP growth (annual %),NY.GDP.MKTP.KD.ZG,0.813264076303781,3.47663162118089,7.75575897806648,7.98623836334291,-6.61399480441001,6.30637595585259,11.6372888615758,9.93126543095578,2.20591936286718,9.94715314257564,-0.712434451876447,6.64606540928447,0.415193061293763,-8.68524343913786,-5.59477371915547,-2.30431780125842,1.12447707363883,-6.26777799581888,1.01507337977299
Tonga,TON,GDP growth (annual %),NY.GDP.MKTP.KD.ZG,2.30804549370431,-2.41070060920023,0.0810338937330641,-0.148635322896695,0.271095291096827,4.75016965581759,-5.19910903711188,0.803490182523831,6.81827614447295,0.823102717964815,0.312307909294702,2.01870046039205,1.17188825589601,6.57100050107448,3.32243254438831,0.241227960275054,0.706483433860413,0.488645323313833,-2.66750617523127
"Gambia, The",GMB,GDP growth (annual %),NY.GDP.MKTP.KD.ZG,6.86999962173842,7.05000000064635,-2.35172936176019,-0.555580977246521,3.04324950829739,6.25590553394287,6.6657243078367,5.90833580968288,-8.13044422315659,5.24156924630741,2.872768790327,-1.40738249510954,4.0580738039996,1.94335965478776,4.8226112492757,7.23489033258579,6.22205315994859,0.591487287873974,5.25596879353259
Israel,ISR,GDP growth (annual %),NY.GDP.MKTP.KD.ZG,1.39391296405174,4.7844674262581,4.13407661867554,5.58266795932438,6.0332135706837,3.25116336079073,0.883120393565378,5.66851511790733,5.56113907589013,2.58765384384346,4.41550158737924,3.91912689280952,2.48582628898106,4.52168030880658,4.27659595115593,4.0703218874397,4.15613798897733,-1.85728927811242,8.61199034846989
Ghana,GHA,GDP growth (annual %),NY.GDP.MKTP.KD.ZG,5.200000133101,5.59999999077445,5.90000381855104,6.39991260618034,4.34681910440079,9.14979893831817,4.84448705175076,7.89971194051621,14.0471235803149,9.2927894063005,7.31252501678145,2.85624016330883,2.12075933817334,3.37346574966936,8.12889488100956,6.20007768127284,6.5077747939152,0.513941670628171,5.07646643533542
El Salvador,SLV,GDP growth (annual %),NY.GDP.MKTP.KD.ZG,1.56539303147618,0.889404485692197,2.68083009363194,4.3369986028604,1.84760220587859,2.15440298282768,-2.10876837627522,2.15419536693635,3.77358499834686,2.88770010188691,2.18295232499635,1.7293998423459,2.40000008852115,2.53906241135864,2.24761908134138,2.4124442237792,2.43747159065784,-7.893101359867,11.9047617015957
Honduras,HND,GDP growth (annual %),NY.GDP.MKTP.KD.ZG,4.54703805165397,6.23230296069102,6.05059922215973,6.56724355177587,6.18832716678008,4.23160011009342,-2.43162787988011,3.73114034433009,3.83569066207505,4.12868774866939,2.79155975746801,3.0580805621437,3.84007997093951,3.89297219726413,4.84291391050387,3.84499476966735,2.55963434592314,-8.96508223267296,12.5652843771279
Europe & Central Asia,ECS,GDP growth (annual %),NY.GDP.MKTP.KD.ZG,1.79493588860589,3.19087690970584,2.67183019223177,3.8650352640901,3.6515898969691,1.01657325581787,-4.45788237385096,2.65927374125172,2.34758029192039,0.35998868251805,0.847820021756007,1.92660037280281,2.0581470448719,1.89982163138352,2.90872250204244,2.13444056000746,1.80525623034259,-5.46244371164977,6.52385192111231
Saudi Arabia,SAU,GDP growth (annual %),NY.GDP.MKTP.KD.ZG,11.2420680624142,7.95846631955041,5.57383372245597,2.78840597311492,1.84713499169528,6.24975335613946,-2.05926391316528,5.03950757174239,10.9937616764876,5.40891607761418,2.53477827137303,3.81142279142699,4.5090590631757,1.88449273567737,0.911048655580274,3.19922678028009,1.09773374954092,-3.58153486307663,5.07511034987979
Malawi,MWI,GDP growth (annual %),NY.GDP.MKTP.KD.ZG,5.70563940662782,5.42049754887375,3.26872602144522,4.69999976528092,9.5999998762672,7.63973639933594,8.32810985214307,6.87406585401583,4.93266999845889,1.90000000072148,5.41034999949829,5.62526999979218,2.80000000125504,2.4999999990207,4.00000000038216,4.39168829609886,5.44818133617287,0.799998330902724,2.75140260887528
Fiji,FJI,GDP growth (annual %),NY.GDP.MKTP.KD.ZG,0.999999344757299,5.29999970460935,0.700000402432437,1.85248387199486,-0.850654310045826,1.03279422025967,-1.38603770763581,2.95467242212241,2.70514302901049,1.41131438177968,4.73421948956532,5.60351440618308,4.50120041028764,2.44565179664174,5.35336455965106,3.81235122208518,-0.580504494558028,-17.0398708371883,-4.88103619598493
Tanzania,TZA,GDP growth (annual %),NY.GDP.MKTP.KD.ZG,6.67278983053497,7.50381465859829,7.47631925974784,6.53222138847813,6.76853520293716,5.68641685905224,5.26910524873463,6.33652342666889,7.67215543486064,4.50015356010131,6.78158560065316,6.73246186832483,6.16062877406682,6.86711619644551,6.76227716834148,5.46808181528009,5.79999999996723,1.99196460647855,4.32138429480482
Tuvalu,TUV,GDP growth (annual %),NY.GDP.MKTP.KD.ZG,-4.34782608695652,-2.27272727272727,-4.65116279069767,2.4390243902439,7.14285714285714,6.66666666666667,-6.25,-2.22222222222223,6.81818181818181,-2.12765957446808,4.34782608695652,0,10.4166666666667,5.66037735849056,2.44839285714286,1.38728384151602,13.8220984406966,-4.27493206901397,1.8041359113616
Fragile and conflict affected situations,FCS,GDP growth (annual %),NY.GDP.MKTP.KD.ZG,1.07555673504498,11.2617102788407,5.8344600983722,5.82117279069327,5.98811524699423,5.04211251855638,3.06541528646062,7.01741756593431,0.0438829587353808,5.57037188422089,3.48339256279149,2.09628835920796,1.07053760946113,2.16715558337386,2.5433347260378,2.72015847064731,2.52349885724942,-6.35338636086044,4.56899423218873
Early-demographic dividend,EAR,GDP growth (annual %),NY.GDP.MKTP.KD.ZG,5.32184789364251,6.14890497990379,5.85493664383965,6.02800866420148,5.67234331055151,3.44482529832393,0.635224721073669,6.51341351158096,4.91840214187388,4.18268349884028,4.057999545852,4.12078257925089,4.413613006364,4.41966409712549,4.6328678778804,3.84020966703507,2.40227091068419,-4.36828773942052,7.62136441675764
Trinidad and Tobago,TTO,GDP growth (annual %),NY.GDP.MKTP.KD.ZG,14.4409895389734,7.95005151069972,6.20893787954175,13.2080586051735,4.75420970092722,3.39173707807387,-4.3917292474614,3.32322471027371,-0.294354409043763,7.44682089326665,3.53178737329638,3.85363548289079,-0.777459952231411,-7.52713742248807,-4.80082842878679,-0.602464842311747,0.3612724057636,-9.07787689348437,-1.03742621022469
Kyrgyz Republic,KGZ,GDP growth (annual %),NY.GDP.MKTP.KD.ZG,7.03029319731168,7.02681242497607,-0.175515404044219,3.10289874199981,8.54287477507607,8.40161604861429,2.88629457537731,-0.471566596791618,5.95627429693504,-0.0881501998439376,10.9154694528045,4.02403863083252,3.87582544512439,4.33585592190116,4.73993722377884,3.75791013557165,4.60062565707598,-7.14897757727955,5.50700762671923
Latin America & the Caribbean (IDA & IBRD countries),TLA,GDP growth (annual %),NY.GDP.MKTP.KD.ZG,2.53382739998618,5.34577833939687,4.02745618128277,5.23869344672066,5.35029961161388,3.8098452060602,-2.32984125696261,6.67885359688496,4.56888314960383,2.64061792983136,2.85307149768907,1.3983055506331,0.366253546005808,-0.336265482915181,1.99124100567356,1.67447248999927,0.717567356400423,-6.56698628427809,7.20083212845076
Europe & Central Asia (excluding high income),ECA,GDP growth (annual %),NY.GDP.MKTP.KD.ZG,6.60142074853765,9.63361465886427,8.4601464051734,8.22853653823152,7.07520171091195,3.06266605956918,-3.45157664165765,7.06748297511824,8.58664528786947,4.05054798319775,6.58598057841522,3.37291324377567,3.58755229325712,2.78533413629492,5.82147037918305,3.5134921058027,2.24722492786316,0.321073682012468,9.00036510298978
Estonia,EST,GDP growth (annual %),NY.GDP.MKTP.KD.ZG,7.60026518508707,6.80400777050136,9.52642697162088,9.76558336997708,7.57914052046765,-5.13200095768519,-14.6290550324223,2.44426511799784,7.26308458128695,3.22820049358981,1.45842863615992,3.01136658651455,1.85302004629342,3.15556481438308,5.79204467466494,3.78420084952826,4.03368839094283,-0.965410617081545,7.2493263542448
Sierra Leone,SLE,GDP growth (annual %),NY.GDP.MKTP.KD.ZG,9.48363148565836,6.47884601647948,4.35349994988402,4.28311044472468,7.97656533438349,5.43589304424921,3.20943156226375,6.63749245827168,6.00983104607886,15.2017482734639,21.0790141636427,4.55925353270443,-20.4910741068,6.34672785193587,3.75380321400363,3.47290262012461,5.25374631307365,-1.96848689118619,4.10470008884118
Philippines,PHL,GDP growth (annual %),NY.GDP.MKTP.KD.ZG,5.08691113513073,6.56922851180626,4.94250511877678,5.31641682136939,6.51929155018938,4.34448730509183,1.44832306275669,7.33449996514402,3.85823282420755,6.89695170786769,6.75053130394745,6.34798748029741,6.34830971539886,7.14945675286656,6.93098832521765,6.34148557098946,6.11852566118505,-9.5182947406494,5.71473313426225
Ecuador,ECU,GDP growth (annual %),NY.GDP.MKTP.KD.ZG,2.88450036512064,6.83239736646514,5.39862243994342,4.34113198577639,1.90242859700484,6.56492068224719,1.0910129698311,4.02913787986621,8.48147656332823,5.783212336172,7.21123653679159,4.22606520388456,0.119692109287612,-0.687954245877947,5.97039880954841,1.044295546927,0.165403532646692,-9.24509637743429,9.818417748417
East Asia & Pacific (excluding high income),EAP,GDP growth (annual %),NY.GDP.MKTP.KD.ZG,8.94474821506344,9.12128477964977,9.97695756050231,11.0785090646634,12.4866919748479,8.61568809514881,7.98496641412531,9.92144884456243,8.642957947062,7.58030545300147,7.29872789260344,6.98433194373406,6.70715877038921,6.56471186911301,6.70769640336606,6.52499175086045,5.7818918001209,1.24692683762466,7.60374970783415
Nigeria,NGA,GDP growth (annual %),NY.GDP.MKTP.KD.ZG,7.34719496799485,9.25055822917993,6.43851652538319,6.05942803202912,6.59113036068734,6.7644727778017,8.03692510099067,8.00565591628646,5.30792420289512,4.23006117493168,6.67133539306172,6.30971865525467,2.65269329543003,-1.61686894906529,0.80588661910221,1.92275734200651,2.20842927714881,-1.79425308274458,3.64718654072446
Late-demographic dividend,LTE,GDP growth (annual %),NY.GDP.MKTP.KD.ZG,6.82091801991569,8.17726165146564,7.74047477618413,9.28416576189139,10.2099771032965,6.92156827366756,3.69614342524602,8.0143063499327,7.18573358555956,5.81560724091659,5.61144045110311,5.22564526224352,4.69985991310821,4.4722484999854,5.30401396529471,5.42417140935132,4.65099889123923,0.199854474511071,7.44958400150686
Africa Western and Central,AFW,GDP growth (annual %),NY.GDP.MKTP.KD.ZG,5.53296656452113,7.9926986039562,5.82894003238981,5.37476155848412,5.52271872747792,6.28146530751468,6.282102397926,6.97060061867415,4.8492890112086,5.13543221769829,6.10661028218607,5.92558281954024,2.81397900746174,0.141488617696979,2.28496137040275,2.84264500273268,3.22202851816455,-1.00441739370378,3.99485439730634
Cabo Verde,CPV,GDP growth (annual %),NY.GDP.MKTP.KD.ZG,4.17625932578332,10.197072633926,6.91245795720201,7.98375044795048,15.1706879735517,7.03901129565128,-1.50358672385678,1.83641914989978,3.92471821338283,1.08364848376166,0.632136727385131,0.696666840118581,0.936026507808833,4.28071482662371,4.5513148102974,3.70696460651756,6.94782632492097,-20.8052759150896,7.03353010325927
Slovenia,SVN,GDP growth (annual %),NY.GDP.MKTP.KD.ZG,2.96026028579455,4.35919277843992,3.79797264198649,5.746396900645,6.98016075450694,3.50984151699558,-7.54843779134178,1.34374847220215,0.861327732719303,-2.63943875676689,-1.02928277204056,2.76815883065036,2.21008160650594,3.19185251782498,4.81538063231366,4.45436574721896,3.52267923999254,-4.24088372175214,8.22849988578498
Middle East & North Africa (IDA & IBRD countries),TMN,GDP growth (annual %),NY.GDP.MKTP.KD.ZG,2.21308934458786,7.63582005408681,4.42062941270582,5.32741953032343,6.03194291805968,3.68896402035884,2.50555633576339,5.35557740311478,-1.02635406497529,3.53423577713583,0.417305134120951,1.84459179536994,0.694157744765775,5.36784154459941,3.13894693829036,1.82359039045528,1.11023485004564,-4.33520481787218,6.21408909503336
Argentina,ARG,GDP growth (annual %),NY.GDP.MKTP.KD.ZG,8.83704079576924,9.02957330068152,8.85165992013437,8.04715150043027,9.00765087504757,4.05723310346406,-5.91852507634947,10.1253981561002,6.00395169280579,-1.0264204544321,2.40532378079436,-2.51261532081394,2.73115982828944,-2.08032784377811,2.81850297775918,-2.61739646282038,-2.00086100285785,-9.9004848136464,10.7180099337095
Azerbaijan,AZE,GDP growth (annual %),NY.GDP.MKTP.KD.ZG,10.2082994004776,9.25380179728907,27.9615381082131,34.5,24.9999998515683,10.7589780604684,9.29636374447091,5.04894451349574,0.10000013782458,2.1652394748416,5.80980084268208,2.75050681535518,1.09397591627469,-3.09999988037266,0.199999938958655,1.49999999999999,2.50000006743734,-4.30000010230737,5.61645102853028
Dominica,DMA,GDP growth (annual %),NY.GDP.MKTP.KD.ZG,6.35313712169359,3.0506902946631,0.655862268923528,4.65945548635737,6.3529724394503,7.12105798575789,-1.16959064327486,0.672634400445048,-0.22355068823471,-1.05900024335187,-0.99994063117542,4.75378658076897,-2.73150306271826,2.76364798170461,-6.61899463280534,3.54758441831531,5.5024834367041,-16.6041095231221,6.8905494167316
Guinea,GIN,GDP growth (annual %),NY.GDP.MKTP.KD.ZG,1.24860125923698,2.34011731288737,2.99727256275818,1.18960211693242,6.81747111070281,4.13301615965833,-1.12264204848687,4.81337067573304,5.61210118895421,5.915286260084,3.9456870867141,3.69655311729832,3.82591056947008,10.8206271965239,10.3000053426788,6.35849192650272,5.61691446969918,4.92026637152216,3.90000000048747
Sudan,SDN,GDP growth (annual %),NY.GDP.MKTP.KD.ZG,6.28880816146516,5.14088851762675,5.64351551343631,6.5314117467792,5.73527423664484,3.84674473121058,-2.76770436599138,3.85824195230107,-3.21353209253371,-17.0046884048945,1.95514463302422,4.66137954229873,1.91017689052751,3.46764218409288,0.70925628476644,-2.6809305497999,-2.17825104530091,-3.62980082410752,-1.8685204827207
Iceland,ISL,GDP growth (annual %),NY.GDP.MKTP.KD.ZG,2.14268837866911,7.80239950753543,6.12443896533613,6.31699308637074,8.45486009612951,2.20949641882098,-7.66380956025947,-2.83277491540855,1.84577915624217,1.06363660743763,4.55246032015107,1.68721501750642,4.43666371937172,6.30368710650176,4.19494882908376,4.88917299486545,1.86117794293874,-6.94045309489034,5.1487154178929
Lower middle income,LMC,GDP growth (annual %),NY.GDP.MKTP.KD.ZG,5.93966747520382,7.08380067164809,6.70558821450786,6.96132584749616,6.89322571289796,4.58361813322831,5.94531419375015,6.86281035259049,4.75431778102191,5.16102451376139,5.6744438273773,6.11248428187641,5.93364859554003,5.69252436082309,5.45719053900642,5.43893672180083,4.05632316283419,-3.58530943059182,6.6513506094125
Uzbekistan,UZB,GDP growth (annual %),NY.GDP.MKTP.KD.ZG,4.23262738154364,7.44900060559664,6.95000719569097,7.45141847621768,9.4730053054454,9.02916101784777,8.05093332733966,7.5971679610016,7.52513989422977,7.10244488753446,7.29655036878682,6.87383844617584,7.21877350346286,5.9321508024275,4.39527463456371,5.87974286685132,5.98156194197318,1.99558508201379,7.40336813606621
Belarus,BLR,GDP growth (annual %),NY.GDP.MKTP.KD.ZG,7.04319251194431,11.449743057227,9.40000158864025,9.99999472133968,8.60000659901785,10.199999472722,0.199995249384855,7.79826683524436,5.37870750437234,1.68713553434753,1.0034707715852,1.7262099894002,-3.82966307070085,-2.52583140897062,2.53162368036521,3.14963949909348,1.44620667102681,-0.672904125264921,2.43886608142535
Marshall Islands,MHL,GDP growth (annual %),NY.GDP.MKTP.KD.ZG,-1.56170055013084,-0.692279197592981,1.78469140548532,0.219614635016299,3.41627945757952,-7.64627478196799,3.69821916480055,5.44676450566732,-0.214165889292744,-1.30886862242279,3.61044913873765,-1.15756789045956,2.10051933296636,2.14429110392376,3.73379823757942,5.65921056406313,10.3578294514594,-2.84598166138942,1.11230090181571
Sao Tome and Principe,STP,GDP growth (annual %),NY.GDP.MKTP.KD.ZG,8.29151946119818,3.5379059435684,6.61462475033599,8.86610935944026,3.64147185166024,6.2287850696102,3.30241414342119,1.44843400467023,1.99944950903044,2.94292216030307,5.11970088264353,4.90620987261865,1.53969216893665,5.17682174955398,4.11296860682981,4.37813939939196,2.01431934293439,2.62485949543812,1.89929891337832
Malaysia,MYS,GDP growth (annual %),NY.GDP.MKTP.KD.ZG,5.7884992858875,6.78343772370305,5.33213916141486,5.5848470671515,6.29878592740947,4.83176988913097,-1.51352871598714,7.42484738326097,5.29391283414003,5.47345419253853,4.69372252557893,6.00672194558203,5.09153242155011,4.44978139761541,5.81272240983328,4.84308697634881,4.41318742129586,-5.45684658426701,3.29764100831838
Timor-Leste,TLS,GDP growth (annual %),NY.GDP.MKTP.KD.ZG,-2.18226413236545,0.400003981151968,2.98457963807486,-4.11609268942114,10.2653884542201,11.3948048266465,10.1469544183475,9.33151176629212,5.95853971210654,4.86062186827468,3.10436683211147,4.47249846569638,2.7972661120109,3.36817482791557,-3.1445700238548,-0.692800735541169,23.4120167614743,31.9619188685361,5.31553743115596
Solomon Islands,SLB,GDP growth (annual %),NY.GDP.MKTP.KD.ZG,6.52346685055139,7.6832999660031,7.35784193356017,4.13828031825385,3.63967242948135,6.22596954376191,2.86426790167438,9.70838816928725,7.42994961675907,2.46600138697883,5.23774017780327,1.18921747092358,1.67614615649777,5.55473153366954,3.07534803424636,2.74599542334096,1.74856655451832,-3.3811475409836,2.56434975416948
Samoa,WSM,GDP growth (annual %),NY.GDP.MKTP.KD.ZG,5.21262892634149,3.0872602379675,6.63920361300734,2.13212714677351,0.485982550017255,3.55610467395,-0.541677601834593,6.1247199226125,3.84907794660396,-3.73213020890266,0.107293276488932,0.659923768782861,3.8503618166494,7.9838628784713,1.40628239971301,-0.609647103380141,4.45185891688691,-3.10844401053139,-7.07883094291508
Kuwait,KWT,GDP growth (annual %),NY.GDP.MKTP.KD.ZG,17.3260204175143,10.2402980586354,10.6090449840228,7.51477300024021,5.99157551059315,2.47975694278544,-7.07605643073411,-2.37054804702014,9.62851660415409,6.62625242531369,1.14921286090524,0.500917355735012,0.592771759399795,2.92607626136771,-4.71222376490107,2.43397893916128,1.38146367984326,-5.27402060452467,1.69762482979576
Latin America & Caribbean,LCN,GDP growth (annual %),NY.GDP.MKTP.KD.ZG,2.45501148978467,5.43578368305208,3.93181362889628,5.12948994163591,5.18181547599067,3.64048779331061,-2.27909193569654,6.38867447241222,4.39554306774599,2.56661951138936,2.76026849303479,1.33653843601968,0.407853687760664,-0.334793597648641,1.88982523332572,1.57170629806997,0.718740959001622,-6.64924567289505,6.99679192745977
IDA total,IDA,GDP growth (annual %),NY.GDP.MKTP.KD.ZG,4.90620355816706,6.68573197903993,6.18837768164175,6.07710359032268,5.9218761858189,5.03006015307889,5.07761164641308,6.19094592287242,4.1742728039068,3.39586720580698,5.24082859450215,5.48255060026422,3.40935816047579,3.24436380993637,3.94568182094561,4.33260077222064,3.91940910668565,-0.79299453521206,4.43321143726286
Somalia,SOM,GDP growth (annual %),NY.GDP.MKTP.KD.ZG,7.63026729337453,7.11031431127405,7.11031431127773,6.48637073276652,6.69435192560654,6.69435192560192,6.69435192560508,6.69435192560412,6.69435192560246,6.69435192560184,-2.70858651313684,7.52639161132382,9.94679997938034,6.41857060528166,9.50728660651559,2.98901563159195,3.63039688238011,-2.56308758042714,3.31098923423325
Cuba,CUB,GDP growth (annual %),NY.GDP.MKTP.KD.ZG,3.79274022304334,5.77053807021557,11.201656556128,12.0658629777336,7.26213696647943,4.11682804164681,1.4513054307407,2.39035229650723,2.80230083647626,3.01490028898772,2.74760256257211,1.04757663187654,4.4383335888395,0.512843095700745,1.80979177212284,2.24794854086232,-0.163087223606624,-10.9490846048862,1.25369342501311
Montenegro,MNE,GDP growth (annual %),NY.GDP.MKTP.KD.ZG,2.48265922878484,4.42605071745102,4.18060450885476,8.56641802964207,6.81015012526991,7.22275259212526,-5.79509699477244,2.73433108233829,3.22845102061061,-2.72379077130623,3.54897991245058,1.78369858106701,3.39038139712073,2.94928032097511,4.71646527572034,5.0778888113381,4.06294499167197,-15.3068937570407,13.0434642521552
Low & middle income,LMY,GDP growth (annual %),NY.GDP.MKTP.KD.ZG,5.86414599362632,7.65977054389606,7.31566052476947,8.20742118870892,8.82878713490636,5.91256471731205,3.97547633156398,8.15747598462772,6.38248163602593,5.47567183028764,5.60307147080108,5.15793176426351,4.73674282188234,4.76143528665671,5.33999436113508,4.99018331620758,4.08539765236242,-1.18968667762738,7.4245459256278
Iraq,IRQ,GDP growth (annual %),NY.GDP.MKTP.KD.ZG,-36.6581526754007,53.3817941859476,1.67188962404498,5.64629779544931,1.88557214264485,8.22810710383277,3.37929909442771,6.40256484471193,7.546471200426,13.9364301737537,7.62857118471159,0.197016710359037,4.72286401884131,13.7873730187089,-1.81975035118309,2.63385099105624,5.51379057418826,-12.0367930920856,1.50218070952037
Syrian Arab Republic,SYR,GDP growth (annual %),NY.GDP.MKTP.KD.ZG,7.20443505274413,6.90295943489203,6.21507783539282,5.04619555585526,5.67459177685805,4.47667273608019,5.91204279337705,5.19190584075331,2.8500028435797,-26.3390170772532,-26.3000876615061,-10.310339909053,-4.179791613232,-6.4055907393619,-0.723281777470547,1.39317607830837,1.22070522070523,-0.182330467026262,1.29973808951831
Zambia,ZMB,GDP growth (annual %),NY.GDP.MKTP.KD.ZG,6.94497398221223,7.03239511515218,7.23559900655543,7.90369444480079,8.35243624447406,7.77389581542363,9.2203484058663,10.2982233241213,5.56925215629352,7.59738107388085,5.05753694179522,4.6932831842595,2.92037511217961,3.75510031796023,3.52586277033151,4.03449389667165,1.44130602603785,-2.78505506545167,6.23492204726448
Cote d'Ivoire,CIV,GDP growth (annual %),NY.GDP.MKTP.KD.ZG,-4.72586658630681,3.18503822575397,0.996065564854788,2.81557859252327,1.10142976793477,4.7826659787672,3.60332156667053,6.84804939907013,-5.37044724000579,7.62041176451649,10.7602131311256,9.37199994240375,7.19494942728191,7.17275963956332,7.41076242584926,4.84314605898469,6.72137167595899,0.699728593256083,7.06332910217667
Togo,TGO,GDP growth (annual %),NY.GDP.MKTP.KD.ZG,6.72017142301175,-0.978665335392563,-4.6662993824191,2.65013209953131,-1.17512039095217,4.03564527277351,5.45382399431942,5.85435269284599,5.82325223894067,6.30269541987458,5.82426583399491,5.63324021651309,5.46803129300622,4.21489560918489,4.00813326162304,4.7950602703237,4.92292591685973,1.99215501870344,5.99087610392314
Benin,BEN,GDP growth (annual %),NY.GDP.MKTP.KD.ZG,3.44357677591658,4.42968455385082,1.71316456361184,3.94373882815798,5.98634932177609,4.89657708429647,2.31929213912838,2.11406472648392,2.96375291904201,4.811223315688,7.19143372144946,6.35767909791932,1.77815106030278,3.33967342629693,5.67156195150444,6.69725362180888,6.86568662848335,3.84879240030133,7.1554516457574
Tunisia,TUN,GDP growth (annual %),NY.GDP.MKTP.KD.ZG,4.70239953285241,6.23579072222647,3.4865455430439,5.24409983246916,6.70952097453554,4.23778147502819,3.04345012371552,2.97113275066512,-2.04663389535644,4.21667711535632,2.42993096446429,3.09032803070775,0.967703108220121,1.11742594891074,2.23783867965943,2.62493010870395,1.58784665466504,-8.5918261797364,4.60518674330524
Andorra,AND,GDP growth (annual %),NY.GDP.MKTP.KD.ZG,8.69420371612468,8.13567633837351,5.39779598500422,4.80868869916921,1.55318814103222,-5.55918636850581,-5.30284654348291,-1.97495799965345,-0.00806975341139093,-4.97444371853503,-3.54759651549344,2.50446552114518,1.43414039522716,3.70967806978986,0.346071889630295,1.58876549046354,2.01554763848308,-11.1839399355384,8.28719978108489
Gabon,GAB,GDP growth (annual %),NY.GDP.MKTP.KD.ZG,2.2473300115045,0.689543058464849,2.67620333310926,-2.80657835569052,6.00810802487668,-3.30843064878751,0.130331119816617,7.08988731455126,7.09175334258654,5.25107691750407,5.63869900338696,4.31496444107469,3.8788993950789,2.09144220829562,0.472642030911146,0.83791658082157,3.92080879452831,-1.8377610635094,1.46795731508091
Antigua and Barbuda,ATG,GDP growth (annual %),NY.GDP.MKTP.KD.ZG,6.07689599725983,5.76673543217628,6.47391719763229,12.7080125311953,9.31533050979209,-0.0140064472754204,-11.9629660759428,-7.84043006330508,-1.95872181050282,3.37283525153347,-0.600715511931753,2.21145251322996,1.44515529873077,4.09976553877765,2.46333336590416,6.95318609219737,3.10044514982847,-18.8803992026325,8.1917184618173
Mongolia,MNG,GDP growth (annual %),NY.GDP.MKTP.KD.ZG,7.00463457384886,10.6254059599309,7.25366543796015,8.55623481664365,10.2480163590057,8.90036794067551,-1.26859893608282,6.3651616786311,17.2907775869555,12.3198198494032,11.6489161878925,7.88522548204762,2.37983580731722,1.48978448679577,5.63687638694772,7.74488062024881,5.60224422064255,-4.55775197583431,1.63676957736662
Namibia,NAM,GDP growth (annual %),NY.GDP.MKTP.KD.ZG,4.23979429582137,12.2695481036769,2.52926265819022,7.07317531845825,5.37404415167634,2.64981203780268,0.295970914001089,6.03924947955858,5.09133813864338,5.0616820696264,5.61471962254485,6.09251915977956,4.26417453763675,0.0337944502063294,-1.02725082701774,1.05994347072928,-0.839154686169735,-8.1014007457625,3.60382919248703
Sub-Saharan Africa,SSF,GDP growth (annual %),NY.GDP.MKTP.KD.ZG,4.05008979263852,6.60196091957768,6.01887916401731,6.05586414396551,6.16224217007544,5.18944068824474,3.18048086161831,5.99557268673479,4.4144049339736,3.25824844020808,5.09044054834963,4.8707602196872,2.92037388274858,1.24203717635056,2.4842832882705,2.75496705784248,2.65974505028328,-1.96689482692713,4.26493689249247
Sub-Saharan Africa (IDA & IBRD countries),TSS,GDP growth (annual %),NY.GDP.MKTP.KD.ZG,4.05008979263843,6.60196091957775,6.01887916401725,6.05586414396552,6.16224217007546,5.18944068824474,3.18048086161831,5.99557268673479,4.41440493397369,3.25824844020801,5.09044054834959,4.87076021968724,2.92037388274858,1.24203717635056,2.4842832882705,2.75496705784242,2.65974505028328,-1.9668948269271,4.26493689249247
Bermuda,BMU,GDP growth (annual %),NY.GDP.MKTP.KD.ZG,3.41070667687531,2.32126722323136,1.67420611410508,5.5438663804406,3.34513970877607,-1.86595582635186,-5.6266977105161,-2.50287828947368,-3.74274431740703,-5.30529910675297,-0.279708545423034,-3.70106759364258,0.775529699568978,-0.657206304259205,3.61141983706115,-0.432801300339307,0.306266735233933,-6.84286964270544,5.41909484048358
Liberia,LBR,GDP growth (annual %),NY.GDP.MKTP.KD.ZG,-30.145132727942,2.61984689477413,5.28121245309295,8.04390997190059,9.53527536282282,7.14569112811476,5.30054050291531,6.09982524004147,8.20076822497064,7.99381444555367,8.68728781639683,0.701393100287518,-0.0185649695590939,-1.5549586174878,2.45515592012239,1.15757512207355,-2.46729763532686,-2.98249127649473,4.98671283481617
Madagascar,MDG,GDP growth (annual %),NY.GDP.MKTP.KD.ZG,9.78489212474175,5.25700362208742,4.75584509499119,5.3985084485368,5.71056419885052,6.71263253913001,-3.9787086116544,0.619239744622121,1.57842705366555,3.01114811621208,2.30037622800727,3.33920311195367,3.13229807490305,3.99314606199499,3.93330759462793,3.19435651744398,4.41123212909589,-7.13767162064489,5.73961573854336
"Congo, Dem. Rep.",COD,GDP growth (annual %),NY.GDP.MKTP.KD.ZG,5.57782231144424,6.73837393324294,6.13515115548972,5.32097956548998,6.25947776437397,6.22589426869193,2.85506401011484,7.10797657581392,6.8746708900163,7.08689894671942,8.48195663608755,9.4702880993101,6.91616711922561,2.39939891133452,3.7269476588301,5.82112109969025,4.38452887429834,1.73542276681493,6.20015401075946
Poland,POL,GDP growth (annual %),NY.GDP.MKTP.KD.ZG,3.4983912134025,4.98284456986049,3.50683461435921,6.13113645855509,7.06153463356746,4.19998126444942,2.83218405318897,2.93463818052832,5.04218788292943,1.54522157125609,0.85655708060645,3.83695849351797,4.38329863507276,2.95350884167718,5.14001757409446,5.94520847705498,4.44998787878788,-2.02007073357655,6.93498038387065
Mauritius,MUS,GDP growth (annual %),NY.GDP.MKTP.KD.ZG,5.92544548947731,4.33001985464357,1.77754302034454,4.8655446077553,5.72701615981669,5.38696254207251,3.31507699790781,4.37720322344293,4.07753806610333,3.49611836470866,3.36040609974133,3.82696982009337,3.69055690369433,3.8624682634,3.93798380632353,4.00674057198549,2.89128499346516,-14.5465381490166,3.40379866177662
North America,NAC,GDP growth (annual %),NY.GDP.MKTP.KD.ZG,2.71703866021629,3.78737544806856,3.46128323040847,2.77431463888753,2.00808304630573,0.181624377579396,-2.60460764455688,2.7239591705829,1.68621131736953,2.24337859832025,2.13349688781437,2.54944713665162,2.76110455782432,1.75741359164776,2.50284496236797,2.94789314183848,2.42273337667585,-2.43435524574377,5.76128554552649
New Zealand,NZL,GDP growth (annual %),NY.GDP.MKTP.KD.ZG,4.72896774397864,4.08825964880346,3.35324144367794,2.77957134994847,3.04991051170988,-1.2395351114323,-0.051952422293283,1.44462128410649,2.24134221542516,2.2894629674209,2.76017958953716,3.75431941509395,3.73403577291154,3.74831145236631,3.39728250444887,3.49949703045593,2.36196217785604,-0.424906457573115,4.54624763852878
Lebanon,LBN,GDP growth (annual %),NY.GDP.MKTP.KD.ZG,3.22709826879041,6.67944461641103,2.68577931016345,1.54951500083213,9.31062252641144,9.06912826789082,10.232155577776,7.97513555844932,0.86733987855277,2.56479133680038,3.8278734986016,2.48406010500743,0.462320792597581,1.55454940856943,0.903028464073813,-1.88470575631651,-6.91492472851026,-21.3998996914321,-7.00123862514116
Libya,LBY,GDP growth (annual %),NY.GDP.MKTP.KD.ZG,13.0160372478013,4.46163899648637,11.8707565226151,6.50052541959279,6.22998278561838,-0.162048238799883,-4.4001817631021,5.0272476723775,-50.3385151384986,86.8267484395784,-17.9979615745681,-23.0428058282215,-0.842656252118843,-1.4909411172622,32.4918021862688,7.9413678529104,-5.99478394324689,-58.318230419936,153.492640693078
Low income,LIC,GDP growth (annual %),NY.GDP.MKTP.KD.ZG,4.87049765531538,6.1389320802129,6.57988699542497,5.92096999975644,6.11690322077922,5.54212631317863,4.15447807492275,6.98284424098645,0.785974727337816,-3.21602082008779,3.29108255846829,4.39079571471675,-0.569703594123581,2.02314722788807,3.0386972177858,3.41613589314854,4.23360610408281,0.344386863215163,2.06974668577087
East Asia & Pacific,EAS,GDP growth (annual %),NY.GDP.MKTP.KD.ZG,4.94755328728853,5.86764398711426,5.89930115812956,6.45377931797739,7.46657287927796,4.38495001229602,2.56094713446137,7.60959353290056,5.46187263083029,5.18305565925709,5.24506084727628,4.75870428385912,4.72838604064859,4.65907989167707,5.05317448248172,4.75915481378036,3.96022191431953,-0.144692822272759,6.22113626390231
Armenia,ARM,GDP growth (annual %),NY.GDP.MKTP.KD.ZG,14.0000000015501,10.4999999988202,13.8999999991133,13.1999999994661,13.7000000015467,6.90000000042959,-14.1000000006998,2.2000000002151,4.69999999867412,7.20000000096486,3.3,3.60000000058993,3.19999999896625,0.199999999825991,7.50000000164144,5.19999999965324,7.59999999853918,-7.19999999920631,5.80000000065645
Nauru,NRU,GDP growth (annual %),NY.GDP.MKTP.KD.ZG,0.284674073586118,-4.31483795436365,-7.84313725490209,-8.51063829787223,-4.65116279069787,75.6097560975612,-5.55555555555564,0,14.7058823529412,24.3589743589745,4.12371134020613,15.8415841584163,3.41880341880281,4.13223140495909,-6.34920634920609,-0.847457627118729,8.5470085470084,1.57480314960559,7.75193798449692
Thailand,THA,GDP growth (annual %),NY.GDP.MKTP.KD.ZG,7.18924330340971,6.28934214285795,4.18763842884337,4.96781089246107,5.43515169050809,1.72569884866334,-0.690618232300579,7.51339053261624,0.840132083053334,7.24279620249642,2.68749556320556,0.984468863619426,3.13404724911635,3.43515771692182,4.1776810321001,4.22287028746071,2.11455779628278,-6.05003846851622,1.56818176501186
Zimbabwe,ZWE,GDP growth (annual %),NY.GDP.MKTP.KD.ZG,-16.9950747276622,-5.80753802273949,-5.71108370650353,-3.46149518781378,-3.65332683535506,-17.6689463301054,12.0195599748423,21.4520609184971,14.6202072551987,15.7448770803376,3.1967308868621,1.48454262162193,2.02364999592871,0.900955396308504,4.08026390333053,5.00986678330221,-6.33244640703352,-7.81695064681365,8.46801689759531
Luxembourg,LUX,GDP growth (annual %),NY.GDP.MKTP.KD.ZG,2.61937857939165,4.23189130735582,2.48287474811472,6.01671504402741,8.0986676066054,-0.30017619444267,-3.23895402683188,3.76041359255095,1.04429869455731,1.64990202978652,3.17179049916005,2.62308601577192,2.26978448419565,4.97819043681629,1.31718766293677,1.21932191856359,2.9158479150005,-0.909829798886719,7.16840198697749
Mauritania,MRT,GDP growth (annual %),NY.GDP.MKTP.KD.ZG,6.92826955106302,4.7327579245203,8.56628724906668,18.3331987597713,-1.96942275160761,-0.331079195278377,0.0978758719728035,2.62022952055378,4.17278328304418,4.47001318233693,4.15081316452147,4.274823293079,5.37633923694936,1.2609092171336,6.27054567904293,4.77217367297298,3.14100486953089,-0.360657378942108,0.742715499632851
Seychelles,SYC,GDP growth (annual %),NY.GDP.MKTP.KD.ZG,-5.88712848764477,-2.8504539768538,9.0057617374238,9.40612855732827,8.87606645570879,-2.72594626154864,-2.47937594726137,4.50513204312067,9.5097833517957,3.1106784939243,1.25373496242949,4.0636918123521,8.9140088750469,12.1175272453913,6.95416218794271,4.93947272254312,5.5142920737342,-11.7398608281732,0.552281631207279
Norway,NOR,GDP growth (annual %),NY.GDP.MKTP.KD.ZG,0.944909391118713,4.01458801709728,2.68512289082248,2.46147313370328,2.91403998607174,0.481919541231974,-1.94036469505112,0.787051845495441,1.10565602733728,2.71795926678982,1.01619082409272,2.04813199855084,1.85733972643303,1.16472423497285,2.46374628510146,0.828900664137592,1.12377787436797,-1.2781717845226,3.90868677689417
Kenya,KEN,GDP growth (annual %),NY.GDP.MKTP.KD.ZG,2.93247554570904,5.10429977629738,5.90666607980057,6.47249430015484,6.85072976998784,0.232282744812977,3.30693981631089,8.05847360290906,5.1211061197056,4.56867961444982,3.7978483925754,5.02011100232484,4.96772112759767,4.21351706814744,3.83795817364721,5.64794640709219,5.11415885767801,-0.272766327438816,7.59048947333467
"Egypt, Arab Rep.",EGY,GDP growth (annual %),NY.GDP.MKTP.KD.ZG,3.19345473756772,4.09207161019908,4.4717444710621,6.84383819369884,7.08782742675582,7.15628356711522,4.67359980000663,5.14723485746742,1.76457194806041,2.22619979818487,2.18546605363386,2.91591188052836,4.37201907781687,4.34664345601914,4.18122099961562,5.33110861887155,5.55209307084222,3.550164838581,3.29064601202211
IBRD only,IBD,GDP growth (annual %),NY.GDP.MKTP.KD.ZG,5.94316118657323,7.63739437127644,7.1844785256469,8.29693230496493,8.9489442670059,5.90542406798158,2.78633753746062,7.81582458498562,6.38123317587905,5.44666854104028,5.22177515597035,4.79272033851731,4.40453094782347,4.55662192021697,5.24165035492055,4.93566542257318,3.98398105981117,-1.4012044301338,7.62848296591747
Grenada,GRD,GDP growth (annual %),NY.GDP.MKTP.KD.ZG,9.46397343076491,-0.647450316084857,13.2761883306272,-3.99532824427482,6.12345094741467,0.947542624907697,-6.61328134799545,-0.511146187173722,0.764773550338731,-1.15483816409801,2.35109801677905,7.34212396037948,6.44522314693144,3.7396039558691,4.43867566948151,4.36144039364797,0.676511738873756,-13.7566222572107,4.68747816934534
Dominican Republic,DOM,GDP growth (annual %),NY.GDP.MKTP.KD.ZG,-1.34570618506442,2.57013427930197,9.4282369467968,9.1743554058408,7.41595171481455,3.20950426157958,0.946155167790621,8.33965105962218,3.13342300326755,2.71736789670562,4.87520509332271,7.05046368965911,6.9270187716221,6.65920026269582,4.66670467732366,6.98252758458058,5.05216802016253,-6.72023937283404,12.2719902347896
"Korea, Rep.",KOR,GDP growth (annual %),NY.GDP.MKTP.KD.ZG,3.14729119373409,5.19739136324382,4.30854271411236,5.26432659466724,5.79954841503216,3.01298487281167,0.792698989518186,6.80482491783671,3.68566778212526,2.40253099246186,3.16470863647184,3.2024537945736,2.80910326824133,2.94688171508626,3.15963574012777,2.90740377377135,2.24397786011012,-0.709415359397681,4.30473481906969
Burkina Faso,BFA,GDP growth (annual %),NY.GDP.MKTP.KD.ZG,7.80249388870359,4.47845213670386,8.66187322841225,6.25316468817478,4.11137901761516,5.79999174105387,2.96195085866692,8.44628157707625,6.62256261306693,6.45267237953146,5.79258484509867,4.32684561452976,3.9212287937935,5.95797670754024,6.20348941121868,6.60456906812341,5.8892049704591,2.01077262411845,6.93915524675779
San Marino,SMR,GDP growth (annual %),NY.GDP.MKTP.KD.ZG,3.87296669248644,4.5488441461596,2.42510699001426,3.83008356545962,7.10932260228034,-0.500939261114581,-10.3209565764632,-5.47368421052632,-8.3147735708983,-7.04453441295546,-0.78397212543554,-0.702370500438988,2.29150556145005,2.34440586406082,0.258265466508817,1.49390531809983,2.06568514501689,-6.64791081891327,8.46307184428878
Portugal,PRT,GDP growth (annual %),NY.GDP.MKTP.KD.ZG,-0.930521192623061,1.78873568157121,0.78184821592744,1.62503417629674,2.50657964551773,0.319247925063081,-3.12207942033321,1.73762547590566,-1.69616478061504,-4.05729360769561,-0.922644674527888,0.792190301875365,1.79204604555983,2.01948539561312,3.5063452848124,2.84932593436179,2.68275992118076,-8.3005165411776,5.73743721854339
Greece,GRC,GDP growth (annual %),NY.GDP.MKTP.KD.ZG,5.79453166075554,5.06099249240204,0.599142036530793,5.65243353574094,3.27374687573136,-0.335172543061219,-4.30073348668201,-5.47780804926842,-10.1493148298685,-7.08669678638024,-2.51599722189651,0.475695947137041,-0.196087629724133,-0.487173294301954,1.09214912017283,1.66842863602514,1.87948998590817,-9.31643576478743,8.37994378358083
China,CHN,GDP growth (annual %),NY.GDP.MKTP.KD.ZG,10.0380304810393,10.1136213776263,11.3945918098927,12.7209556654032,14.2308609331955,9.65067891939361,9.39872563259674,10.6358710644913,9.55083217877568,7.86373644862111,7.76615009773009,7.42576365632412,7.04132887873656,6.84876220495761,6.94720079331685,6.7497738324959,5.95050075367413,2.23863835634639,8.44846941687277
Bhutan,BTN,GDP growth (annual %),NY.GDP.MKTP.KD.ZG,7.78656053594256,5.15725725627645,6.93507146649731,5.64080526497442,16.1047836486158,4.52944869181806,7.66749240307558,11.9318739003882,8.30764783243984,5.09549264378806,1.65845557774038,5.71786561190564,6.56845431717086,8.40055375505406,3.50756740346327,3.50187185732737,5.75514851246506,-10.2183974208569,4.42136738945015
Italy,ITA,GDP growth (annual %),NY.GDP.MKTP.KD.ZG,0.138626890776507,1.42359415817907,0.817848973650598,1.79063968081796,1.48707298036786,-0.962012840579291,-5.2809372082931,1.71329583916922,0.707333347034435,-2.98090576823772,-1.84106545088248,-0.00454754236383792,0.778304350716581,1.29346273155907,1.66785904106857,0.925810941012742,0.483198316597154,-8.97419212060699,8.3102399077017
